comment_id,timestamp,sentiment,language,country,score,topic,body,post_id,subreddit,source
obxmmnw,2026-03-23T00:20:30+00:00,neutral,english,,1,balance,"For more Rogue Class Guides, Builds, Discussions, Questions, etc, click on the ""Rogue"" Flair, and also visit the [D4 Rogue subreddit](https://new.reddit.com/r/D4Rogue/). For additional casual conversations about builds, gameplay, new content, outfits and other Diablo and Rogue related content, visit the [The D4 Tavern](https://new.reddit.com/r/The_D4_Tavern/).  PSA: If you want to showoff an Item, Gameplay, etc, to brag, please use the correct Flair (the [""Showoff"" Flair](https://new.reddit.com/r/diablo4/?f=flair_name%3A%22Showoff%20(Gameplay%2C%20Items%2C%20Transmogs)%22) ) for that purpose, and only do so on Sundays (aka Showoff Sunday). During the rest of the week, threads with images and videos are only allowed for questions and discussions about Builds, Skills and Items.  If you want to post / showoff an item to **Trade or have a Price Check**, you can do that on **the subreddits [Trade &amp; Price Check Thread](https://www.reddit.com/r/diablo4/comments/1rlim01/trade_price_check_thread/)**, and if you are **Looking for a Group or a Clan**, please do that on **the most recent [Weekly LFG &amp; Clans Thread](https://new.reddit.com/r/diablo4/?f=flair_name%3A%22Weekly%20LFG%20%26%20Clans%22)**.   *I am a bot, and this action was performed automatically. Please [contact the moderators of this subreddit](/message/compose/?to=/r/diablo4) if you have any questions or concerns.*",1s11zxf,diablo4,Reddit
obxnhia,2026-03-23T00:25:31+00:00,neutral,english,,1,general,Coldclip aspect?,1s11zxf,diablo4,Reddit
obxnics,2026-03-23T00:25:40+00:00,neutral,english,,1,general,you put the aspect that makes your basics always cold imbued and you don't even need to use the aspect that makes your shadow clone uses your imbuements,1s11zxf,diablo4,Reddit
obxmwbv,2026-03-23T00:22:03+00:00,positive,english,,1,general,Trust the process. I promise you the guide writers know better.,1s11zxf,diablo4,Reddit
obxkihr,2026-03-23T00:08:13+00:00,neutral,english,,1,general,There’s an option at character creation to skip campaign.,1s11idr,diablo4,Reddit
obxk621,2026-03-23T00:06:15+00:00,neutral,english,,1,general,100% user error. Your world state is set wrong.,1s11idr,diablo4,Reddit
obxfkd3,2026-03-22T23:40:26+00:00,neutral,english,,1,progression,"Bloodied infernal hordes is by far the best xp. Go with the highest torment where you can kill the Butcher easily.    In addition,  remember to do your potions/elixir and if you are playing for a while, run a forgotten wisdom dungeon for an extra hour of +15%. And, if you can swing it, a bloodied ring or amulet with +xp. You can get over +100% with the right setup. But even with potions/forgotten you are over +30%.",1s10rc4,diablo4,Reddit
obxe0hz,2026-03-22T23:31:51+00:00,neutral,english,,1,general,"Bloodied/Bloadsoaked Hordes on the highest difficulty where you can obliterate the constantly spawning Butcher.  I'm not quite ready for T4 Bloodied yet, but I get about 2 levels a run on T3 around your Paragon level.",1s10rc4,diablo4,Reddit
obxeeer,2026-03-22T23:34:02+00:00,positive,english,,1,progression,"I hit 230 today. Cleared pit 100, did a bloodied Hordes with the 666 boss, and a few bloodstained dungeons. My season is complete.  I'd planned hitting \~250 but at this point, my upgrade paths involve stupid amounts of farming and luck - so I'm out. And no EXP source I found was something I could accept.  Good luck though! I'll watch this thread in case I decide to come back in a few weeks. Not finding the last mythic I need before expending all boss runs kind of tapped me out.",1s10rc4,diablo4,Reddit
obxd3mr,2026-03-22T23:26:43+00:00,neutral,english,,1,build diversity,"PSA: the ""Items · Builds · Skills"" Flair - for questions, discussions, opinions and for seeking advice on Builds, Skills and Items.  Please remember that this Flair is not for Showing-off Gameplay, Item Tooltips, etc. If you have the intent to post such a thread, please only do that on Sundays (aka Showoff Showoff Sunday), and to use the ""Showoff (Gameplay, Items, Tranmogs)"" Flair.   Images are allowed on the ""Items · Builds · Skills"" Flair, but only if they aren't intended for bragging.  If you want to post / showoff an item to **Trade or have a Price Check**, you can do that on **the subreddits [Trade &amp; Price Check Thread](https://www.reddit.com/r/diablo4/comments/1rlim01/trade_price_check_thread/)**, and if you are **Looking for a Group or a Clan**, please do that on **the most recent [Weekly LFG &amp; Clans Thread](https://new.reddit.com/r/diablo4/?f=flair_name%3A%22Weekly%20LFG%20%26%20Clans%22)**.  *I am a bot, and this action was performed automatically. Please [contact the moderators of this subreddit](/message/compose/?to=/r/diablo4) if you have any questions or concerns.*",1s10rc4,diablo4,Reddit
obxl5f1,2026-03-23T00:11:53+00:00,neutral,english,,1,general,Bloodstained hordes solo. Biggest killstreak possible where you can kill the butcher fast.      Bloodsoaked you probably cant do until it’s patched tuesday,1s10rc4,diablo4,Reddit
obxdkws,2026-03-22T23:29:25+00:00,neutral,english,,1,general,https://preview.redd.it/c1mu9hxcloqg1.jpeg?width=3840&amp;format=pjpg&amp;auto=webp&amp;s=dc4c4a5984ce987e0388cdb563d75b122ae57e29  Lilith from D2,1s10h2a,diablo4,Reddit
obxibv1,2026-03-22T23:55:53+00:00,neutral,english,,1,general,"pew, not bench     but yeah you need more vram probs",1s10h2a,diablo4,Reddit
obxcpd6,2026-03-22T23:24:28+00:00,neutral,english,,1,balance,"A whole region with bosses, titles, runes, mercenaries and a class. And i think paragon and skill points",1s1083j,diablo4,Reddit
obxbptg,2026-03-22T23:18:53+00:00,neutral,english,,13,general,Tell us the name then guy,1s105xe,diablo4,Reddit
obxbtnp,2026-03-22T23:19:29+00:00,neutral,english,,10,general,You’ve been playing since Diablo 1 and you haven’t matured enough to make a name that doesn’t get reported?,1s105xe,diablo4,Reddit
obxc7eg,2026-03-22T23:21:38+00:00,positive,english,,6,general,Permanently banned? My bet is there's more to the story than you let on or you're a repeat offender.   First offense usually just prompts a name change and you're good.,1s105xe,diablo4,Reddit
obxdda8,2026-03-22T23:28:12+00:00,negative,english,,6,general,"Say the name on here then if it wasn’t bad.  Also, first amendment means the government can’t limit your speech, not a private company.",1s105xe,diablo4,Reddit
obxbor2,2026-03-22T23:18:43+00:00,neutral,english,,5,general,Break the rules FAFO,1s105xe,diablo4,Reddit
obxc5fa,2026-03-22T23:21:19+00:00,neutral,english,,5,general,"Grow up, I don’t want to see dumb shit either. You didn’t follow rules that you agreed to.",1s105xe,diablo4,Reddit
obxc9iq,2026-03-22T23:21:58+00:00,neutral,english,,5,general,What was the name? Lol,1s105xe,diablo4,Reddit
obxd8wo,2026-03-22T23:27:32+00:00,neutral,english,,5,general,"Your ""first amendment right"" isn't something a company is required to uphold numb nuts. Why are Americans so dumb?",1s105xe,diablo4,Reddit
obxeigd,2026-03-22T23:34:39+00:00,neutral,english,,1,general,"The First Amendment restricts the government, not private companies. You silly goose.",1s105xe,diablo4,Reddit
obxcabt,2026-03-22T23:22:06+00:00,neutral,english,,4,general,"""played by adults"" yet you choose names that a 12 year old would",1s105xe,diablo4,Reddit
obxcqup,2026-03-22T23:24:42+00:00,positive,english,,3,general,Good. Stay gone.,1s105xe,diablo4,Reddit
obxh601,2026-03-22T23:49:20+00:00,neutral,english,,1,general,Let me guess: your username rhymed with trigger,1s105xe,diablo4,Reddit
obxn7e5,2026-03-23T00:23:52+00:00,negative,english,,1,performance,"The name is either something egregious or OP has been warned. Source: someone whose username got changed by Blizzard a couple months ago, presumably due to complaints, but that was the end of it. (My previous name was ""UncleTouchy""; not gonna lie, I was surprised it took over a decade to be flagged, but I placed on the S11 leaderboards, so it got seen a bit more.)",1s105xe,diablo4,Reddit
obxf8af,2026-03-22T23:38:37+00:00,neutral,english,,1,general,Did he bring.... fresh meat?   I'll show myself out.,1s0zmb5,diablo4,Reddit
obxj69w,2026-03-23T00:00:37+00:00,neutral,english,,1,general,FRESH MEAT,1s0zmb5,diablo4,Reddit
obx3ol5,2026-03-22T22:34:00+00:00,neutral,english,,1,general,"Everyone, please remember **Rule #3: No critiquing the game or other users on threads with the ""Showoff"", the ""Appreciation"" or ""Tavern Talk"" Flair**. On threads with these Flairs, critiquing the game, other users (e.g. for liking the game) or heated discussions are not allowed. You are welcome to have critical discussions on threads with other Flairs.   ... and **Rule #11: Only post Showoff Threads (Gameplay, Item Tooltips, etc.) on Sundays (PT / PDT)** (aka Showoff Sunday).  If you want to post / showoff an item to **Trade or have a Price Check**, you can do that on **the subreddits [Trade &amp; Price Check Thread](https://www.reddit.com/r/diablo4/comments/1rlim01/trade_price_check_thread/)**, and if you are **Looking for a Group or a Clan**, please do that on **the most recent [Weekly LFG &amp; Clans Thread](https://new.reddit.com/r/diablo4/?f=flair_name%3A%22Weekly%20LFG%20%26%20Clans%22)**. For additional casual conversations, you can also visit **[The D4 Tavern subreddit](https://new.reddit.com/r/The_D4_Tavern/)**.  *I am a bot, and this action was performed automatically. Please [contact the moderators of this subreddit](/message/compose/?to=/r/diablo4) if you have any questions or concerns.*",1s0zhqv,diablo4,Reddit
obx3fw2,2026-03-22T22:32:40+00:00,neutral,english,,1,build diversity,"In threads with the ""Feedback (@Blizzard)"" Flair, constructive feedback, suggestions and requests for adjusting and improving existing systems, mechanics, etc can be made / given.  **This Flair is not for asking for feedback for your build**. For that, use the ""Items · Builds · Skills"" Flair.  Please remember that 1) submissions made with the ""Feedback (@Blizzard)"" Flair have to be constructive, civil and adequately elaborate, and that 2) we are a fan subreddit and not officially Blizzard, so we can not 100% guarantee that your feedback will be noticed, even though the devs / CM's mentioned they regularly read reddit, twitter, and other places for feedback. This flair can simply help to find feedback more easily.   *I am a bot, and this action was performed automatically. Please [contact the moderators of this subreddit](/message/compose/?to=/r/diablo4) if you have any questions or concerns.*",1s0zgmn,diablo4,Reddit
obx9m2n,2026-03-22T23:07:03+00:00,neutral,english,,1,general,You get it in the chest at the end and it isn't much.,1s0zgmn,diablo4,Reddit
obxb7tj,2026-03-22T23:16:04+00:00,neutral,english,,1,general,Nothing in the chest at rank 1 or higher?,1s0zgmn,diablo4,Reddit
obx5e5w,2026-03-22T22:43:28+00:00,neutral,english,,3,general,Should I just skip the pretense and give you all my personal data?,1s0zbco,diablo4,Reddit
obx6aey,2026-03-22T22:48:26+00:00,neutral,english,,2,general,Bro already got banned lmao,1s0zbco,diablo4,Reddit
obx7zmy,2026-03-22T22:57:53+00:00,neutral,english,,2,general,Blocked by firewall,1s0zbco,diablo4,Reddit
obx81aw,2026-03-22T22:58:08+00:00,positive,english,,2,general,"How is better than Diablo.trade ,",1s0zbco,diablo4,Reddit
obx5t26,2026-03-22T22:45:46+00:00,neutral,english,,6,build diversity,Anytime someone tosses out paragon level as an indicator of strength you have to know their glyphs are under leveled and their build is a hot mess.,1s0z993,diablo4,Reddit
obx23u3,2026-03-22T22:25:25+00:00,neutral,english,,5,endgame,Level glyphs up in the pit you will get stronger,1s0z993,diablo4,Reddit
obx2iqp,2026-03-22T22:27:38+00:00,neutral,english,,4,general,I was stuck on T2 Butcher (everything else was a breeze) until I leveled my glyphs. Took maybe 2 hours to get them to 46 and he was easyish after that.,1s0z993,diablo4,Reddit
obx24rw,2026-03-22T22:25:33+00:00,neutral,english,,3,endgame,i can help you level up some in the pit,1s0z993,diablo4,Reddit
obx6jl2,2026-03-22T22:49:49+00:00,neutral,english,,3,general,"Just make a paladin, that’s what worked best for me lol",1s0z993,diablo4,Reddit
obx5wkq,2026-03-22T22:46:18+00:00,neutral,english,,2,endgame,Fyi the butcher isn't the gate to give. Pit 55 is,1s0z993,diablo4,Reddit
obx6ry2,2026-03-22T22:51:07+00:00,neutral,english,,2,loot,"I wasted so much time grinding for helltides in search for good items.  I realized later that this was a bad investment in time, because the only guaranteed reward I get is XP. Loot drops are trash.  I did Pit runs instead and there was a more noticeable increase in power in a short time. Because with Pits, not only do you get the exp similar to what you get from doing helltides (if not more) but you also level up glyphs.",1s0z993,diablo4,Reddit
obx6sx9,2026-03-22T22:51:16+00:00,neutral,english,,2,build diversity,"what build are you running? if you aren't already running an S-tier build, go to maxroll and pick one. It makes life a lot easier.",1s0z993,diablo4,Reddit
obx7882,2026-03-22T22:53:38+00:00,neutral,english,,2,endgame,You unlock T4 in the pit. Bloodied Butcher is just for the seasonal path.,1s0z993,diablo4,Reddit
obx9mie,2026-03-22T23:07:07+00:00,neutral,english,,1,general,One word: Glyphs,1s0z993,diablo4,Reddit
obx3q78,2026-03-22T22:34:15+00:00,positive,english,,0,build diversity,"Level glyphs, make a better build  Go on party finder and get a carry  What happens in the boss fight? It helps a ton to know the mechanics and also stack rubies in your jewelry.",1s0z993,diablo4,Reddit
obx0ajb,2026-03-22T22:15:40+00:00,neutral,english,,1,balance,"For more Paladin Class Guides, Builds, Discussions, Questions, etc, click on the ""Paladin"" Flair, and also visit the [D4 Paladin subreddit](https://www.reddit.com/r/D4_Paladin/). Also pay a visit to [The D4 Tavern](https://new.reddit.com/r/The_D4_Tavern/) for casual conversations about builds, gameplay, new content, outfits and other Diablo and Barbarian related content.  PSA: If you want to showoff an Item, Gameplay, etc, to brag, please use the correct Flair (the [""Showoff"" Flair](https://new.reddit.com/r/diablo4/?f=flair_name%3A%22Showoff%20(Gameplay%2C%20Items%2C%20Transmogs)%22) ) for that purpose, and only do so on Sundays (aka Showoff Sunday). During the rest of the week, threads with images and videos are only allowed for questions and discussions about Builds, Skills and Items.  If you want to post / showoff an item to **Trade or have a Price Check**, you can do that on **the subreddits [Trade &amp; Price Check Thread](https://www.reddit.com/r/diablo4/comments/1rlim01/trade_price_check_thread/)**, and if you are **Looking for a Group or a Clan**, please do that on **the most recent [Weekly LFG &amp; Clans Thread](https://new.reddit.com/r/diablo4/?f=flair_name%3A%22Weekly%20LFG%20%26%20Clans%22)**.   *I am a bot, and this action was performed automatically. Please [contact the moderators of this subreddit](/message/compose/?to=/r/diablo4) if you have any questions or concerns.*",1s0z1z8,diablo4,Reddit
obx0w6q,2026-03-22T22:18:55+00:00,neutral,english,,1,general,What’s your paragon and glyph level?,1s0z1z8,diablo4,Reddit
obx1b5g,2026-03-22T22:21:09+00:00,neutral,english,,1,general,"The weapon damage listed is the base value by which everything scales off of, so don’t worry if it seems low it’s not.",1s0z1z8,diablo4,Reddit
obx7uu2,2026-03-22T22:57:08+00:00,neutral,english,,1,general,"That sounds like you already got it to the maximum. ( Not in game atm to confirm the specific number. )   Is your weapon ancestral? IE 800 item power? If so, that's it. There isn't anything over 800 item power yet.",1s0z1z8,diablo4,Reddit
obwzgay,2026-03-22T22:11:11+00:00,neutral,english,,1,general,"Everyone, please remember **Rule #3: No critiquing the game or other users on threads with the ""Showoff"", the ""Appreciation"" or ""Tavern Talk"" Flair**. On threads with these Flairs, critiquing the game, other users (e.g. for liking the game) or heated discussions are not allowed. You are welcome to have critical discussions on threads with other Flairs.   ... and **Rule #11: Only post Showoff Threads (Gameplay, Item Tooltips, etc.) on Sundays (PT / PDT)** (aka Showoff Sunday).  If you want to post / showoff an item to **Trade or have a Price Check**, you can do that on **the subreddits [Trade &amp; Price Check Thread](https://www.reddit.com/r/diablo4/comments/1rlim01/trade_price_check_thread/)**, and if you are **Looking for a Group or a Clan**, please do that on **the most recent [Weekly LFG &amp; Clans Thread](https://new.reddit.com/r/diablo4/?f=flair_name%3A%22Weekly%20LFG%20%26%20Clans%22)**. For additional casual conversations, you can also visit **[The D4 Tavern subreddit](https://new.reddit.com/r/The_D4_Tavern/)**.  *I am a bot, and this action was performed automatically. Please [contact the moderators of this subreddit](/message/compose/?to=/r/diablo4) if you have any questions or concerns.*",1s0yxzy,diablo4,Reddit
obxnqme,2026-03-23T00:27:00+00:00,neutral,english,,1,general,Nice to see those actually exist,1s0yxzy,diablo4,Reddit
obwzk9j,2026-03-22T22:11:46+00:00,neutral,english,,2,loot,I did avarice this afternoon and nothing dropped from him including attacking his hammer to get the gems from it.,1s0yuya,diablo4,Reddit
obwzlgo,2026-03-22T22:11:57+00:00,neutral,english,,3,general,No limit,1s0yrwn,diablo4,Reddit
obx3z0w,2026-03-22T22:35:37+00:00,neutral,english,,27,general,Do the horadric store rooms. Its like 800 obducite a run,1s0yp3d,diablo4,Reddit
obx85at,2026-03-22T22:58:47+00:00,neutral,english,,13,general,id say the real bullshit is the butchered hero objective. Since players can one shot the butcher transformation its basically impossible to complete.,1s0yp3d,diablo4,Reddit
obx96k7,2026-03-22T23:04:37+00:00,neutral,english,,8,season content,The fact that some skill and paragon points are attached to season’s objectives is very annoying to me. I bet I will lose interest before getting all those.,1s0yp3d,diablo4,Reddit
obx5ww1,2026-03-22T22:46:21+00:00,neutral,english,,7,season content,This entire season is absolute bullshit tbh.... this is the worst season since S3,1s0yp3d,diablo4,Reddit
obxdn13,2026-03-22T23:29:45+00:00,positive,english,,1,season content,"I got the rewards I wanted now I’m just wasting time to get the Diablo stuff.  I may give up on that soon, I’m not having much fun this season as last several.  Can’t wait for this season to be over.",1s0yp3d,diablo4,Reddit
obxfbjm,2026-03-22T23:39:07+00:00,positive,english,,1,season content,"its worth noting though, theres no reason to do every challenge anymore, there hasnt been a title for several seasons now  good chance that little box isnt worth the time anyway",1s0yp3d,diablo4,Reddit
obxlyo3,2026-03-23T00:16:36+00:00,positive,english,,1,rewards,"Then don’t play it.   Or better yet, actually have fun and sometimes you get rewarded.",1s0yp3d,diablo4,Reddit
obxmoo9,2026-03-23T00:20:49+00:00,neutral,english,,1,general,I'll find a silent chest eventually 😭,1s0yp3d,diablo4,Reddit
obxn3v4,2026-03-23T00:23:17+00:00,neutral,english,,1,general,I did one dungeon with goblins and got like 15k out of it.,1s0yp3d,diablo4,Reddit
obxcb96,2026-03-22T23:22:14+00:00,neutral,english,,3,build diversity,This used to happen to my sorc every time but not anymore until I made some correct changes to my build. You can check d4 build online you might just be missing some defensive aspect. Mine was telemity pants.. i barely die after equiping this gear combining with life per hit afix on my focus.,1s0yo50,diablo4,Reddit
obx40e4,2026-03-22T22:35:49+00:00,neutral,english,,2,build diversity,What build are you running? Some are very very vulnerable and what are considered to be “glass Cannons”,1s0yo50,diablo4,Reddit
obx9yf3,2026-03-22T23:09:00+00:00,neutral,english,,2,endgame,"There is only 1 known 1-shot mechanic, used in just 2 very specific places, neither of which is in the pit.   If you're dying in 1 hit, it just means your defenses failed.   First up, there's a few traps: Dodge and Block. These have a chance to work, and thus a chance to fail. If you have these, and they are below 100% chance, you should just assume you don't have them. Doubly so if you have both.   Barrier and fortify are somewhat similar in that if you are not regenerating them faster than you take the damage, then there is an opening where you can take the full damage. Barrier in particular will ""hide"" small to moderate damage, because you're taking that damage but then recharging your barrier. It's only once you get hit between recharges that you feel the pain.   Resists can also have a trap: If you aren't using +all resist everywhere, you probably have a lowest resist, and so you might feel fine... until you get hit by a big attack of that specific type.   If you are using the golem that absorbs damage, and he dies, that damage absorption goes away.   If you use raheir, his taunt has a cooldown, etc. So, he will save you from periodic hits, so you won't feel them, then while on cooldown he won't be there to help.",1s0yo50,diablo4,Reddit
obxmogi,2026-03-23T00:20:47+00:00,neutral,english,,1,general,I run two rubies in the jewelry on my crackling girl. Seems to help a lot.,1s0yo50,diablo4,Reddit
obx55n8,2026-03-22T22:42:09+00:00,neutral,english,,0,general,Use *More* Evade.,1s0yo50,diablo4,Reddit
obxh72b,2026-03-22T23:49:30+00:00,neutral,english,,1,endgame,"I play affliction necro, for golem use the blood golem and sac skeleton warriors for the resistance. I sac the blood golem for extra health.  Make sure for pit you're using fire resist in jewelry,  and you have some paragon points in resist and armor. I was getting one shot until around p200, with investments in armor and resist.",1s0yo50,diablo4,Reddit
obxjqgl,2026-03-23T00:03:46+00:00,neutral,english,,1,general,I am currently running a blood wave necro. And find it pretty tanky.,1s0yo50,diablo4,Reddit
obxmom5,2026-03-23T00:20:48+00:00,neutral,english,,1,general,You need resistance and armor.,1s0yo50,diablo4,Reddit
obxmyi7,2026-03-23T00:22:25+00:00,neutral,english,,1,general,"Oh no, you lose 3 minutes of progress! Sad!  Up your defense and resistances.",1s0yo50,diablo4,Reddit
obxbr83,2026-03-22T23:19:06+00:00,positive,english,,0,endgame,"There are no 1 shot mechanics in pit, if you insta die then your gear and/or build is lacking.   Even in this thread theres comments about Wing strikes Paladins struggling on t4 bosses while I'm standing in everything on pit99 and face tanking bloodied t4 bosses.   The only you literally cannot tank in this game are Belials breath and Andariels beam. Both channels that you can get clipped by but can't just stand in.   Everything else is a matter of defense. Your number is greater than the enemies you live. Otherwise you die. Simple math",1s0yo50,diablo4,Reddit
obwwn8f,2026-03-22T21:56:19+00:00,neutral,english,,1,balance,"For more Barbarian Class Guides, Builds, Discussions, Questions, etc, click on the ""Barbarian"" Flair, and also visit the [D4 Barbarian subreddit](https://new.reddit.com/r/D4Barbarian/). Also pay a visit to [The D4 Tavern](https://new.reddit.com/r/The_D4_Tavern/) for casual conversations about builds, gameplay, new content, outfits and other Diablo and Barbarian related content.  PSA: If you want to showoff an Item, Gameplay, etc, to brag, please use the correct Flair (the [""Showoff"" Flair](https://new.reddit.com/r/diablo4/?f=flair_name%3A%22Showoff%20(Gameplay%2C%20Items%2C%20Transmogs)%22) ) for that purpose, and only do so on Sundays (aka Showoff Sunday). During the rest of the week, threads with images and videos are only allowed for questions and discussions about Builds, Skills and Items.  If you want to post / showoff an item to **Trade or have a Price Check**, you can do that on **the subreddits [Trade &amp; Price Check Thread](https://www.reddit.com/r/diablo4/comments/1rlim01/trade_price_check_thread/)**, and if you are **Looking for a Group or a Clan**, please do that on **the most recent [Weekly LFG &amp; Clans Thread](https://new.reddit.com/r/diablo4/?f=flair_name%3A%22Weekly%20LFG%20%26%20Clans%22)**.   *I am a bot, and this action was performed automatically. Please [contact the moderators of this subreddit](/message/compose/?to=/r/diablo4) if you have any questions or concerns.*",1s0ykva,diablo4,Reddit
obwx8bw,2026-03-22T21:59:23+00:00,neutral,english,,8,general,"Story. Runes. Mercs. New Location. I think new items aswell, not entirely sure on that one.",1s0ykva,diablo4,Reddit
obwxgi4,2026-03-22T22:00:35+00:00,neutral,english,,4,general,"Shoot if I didn’t already have it, I’d get it for runes alone. They can definitely boost damage/survivability.",1s0ykva,diablo4,Reddit
obwybx4,2026-03-22T22:05:11+00:00,neutral,english,,4,general,Play paladin. Maybe will be your new main,1s0ykva,diablo4,Reddit
obwyxuu,2026-03-22T22:08:26+00:00,positive,english,,1,endgame,"Longer campaign, so more opportunity to level up before endgame. Vessel of Hatred was fun and quick. I think Lord of Hatred will be good as well",1s0ykva,diablo4,Reddit
obwza8x,2026-03-22T22:10:18+00:00,neutral,english,,1,balance,"You miss on a lot of things. Mercenaries, extra lair bosses, undercity, runes, horadric cube, talisman and sets, war plans for endgame, new skill variants for your class.. and that’s on top of 2 new areas, more story and 3 new classes",1s0ykva,diablo4,Reddit
obwzm0i,2026-03-22T22:12:02+00:00,positive,english,,1,progression,Better get next expansion because the gap between players with expansion and players without expansion will be quite huge… and if you buy it you will get 1st expansion for free.,1s0ykva,diablo4,Reddit
obx0gp4,2026-03-22T22:16:36+00:00,neutral,english,,1,balance,"Missing Nahantu campaign/zone, mercs, runes, Undercity, Dark Citadel without Vessel of Hatred...missing Skovos campaign/zone, Horadric Cube, Talismans, War Plans, Echoing Hatred, fishing, and some skill variants (including for Barb) from the upcoming rework without Lord of Hatred. And of course 3 classes, whether you play them or not.  Maybe overlooked something, but yeah...you'll be missing quite a bit.",1s0ykva,diablo4,Reddit
obxdqon,2026-03-22T23:30:18+00:00,neutral,english,,1,monetization,Yes. It adds a lot to the game and costs a price of one skin.  Well worth it.,1s0ykva,diablo4,Reddit
obxemq8,2026-03-22T23:35:18+00:00,neutral,english,,1,general,Thanks for the feedbacks guys will buy it next paycheck lol,1s0ykva,diablo4,Reddit
obx2lp3,2026-03-22T22:28:05+00:00,neutral,english,,0,general,"You weren't missing a lot from the first dlc, but the second one is looking nice so far, based on the presentations",1s0ykva,diablo4,Reddit
obwyp97,2026-03-22T22:07:10+00:00,neutral,english,,2,loot,"Eternal is eternal. Seasonal is seasonal.  Salvaging something in eternal doesn’t carry over to seasonal. Salvaging a unique doesn’t give its aspect, it’s just gone. Only legendary items can aspects be upgraded from the occultist.",1s0yk67,diablo4,Reddit
obwtyiv,2026-03-22T21:42:24+00:00,neutral,english,,3,progression,"That time typing, you could have been grinding.",1s0y4j1,diablo4,Reddit
obwxp2j,2026-03-22T22:01:50+00:00,neutral,english,,2,general,Bosses have loads of them.,1s0y4j1,diablo4,Reddit
obwuob5,2026-03-22T21:46:06+00:00,neutral,english,,0,general,"Send me your tag, I can hop on in a few and send you one.",1s0y4j1,diablo4,Reddit
