post_id,timestamp,sentiment,language,country,score,comment_count,topic,title,body,subreddit,url,source
1s11zxf,2026-03-23T00:20:28+00:00,neutral,english,,2,7,season content,Rogue Heartseeker build and non-physical damage modifiers,"the [Maxroll guide for Rogue Heartseeker](https://maxroll.gg/d4/build-guides/heartseeker-rogue-specialized-guide) says to use the paragon board Eldritch Bounty and Canny glyph which provide non-physical damage bonus, but unless I'm missing something, the Heartseeker and Shadow Clone main damage dealers for the build don't benefit from this.    So am I missing something?  Should I be diverging from the guide and pick something else?  Sorry, this is only my second season and second character, first time playing rogue.",diablo4,https://www.reddit.com/r/diablo4/comments/1s11zxf/rogue_heartseeker_build_and_nonphysical_damage/,Reddit
1s11idr,2026-03-22T23:59:10+00:00,neutral,english,,0,2,bugs,Bug where I have to replay the vessel of hatred on every new character,Ive beaten the vessel campaign several times and I never get the option to skip it during character creation. Is this normal? Like I have to run through the entire story for access to dungeons/mercenaries ect on EVERY character. And I can't submit a ticket because apparently blizzard doesn't do that anymore?,diablo4,https://www.reddit.com/r/diablo4/comments/1s11idr/bug_where_i_have_to_replay_the_vessel_of_hatred/,Reddit
1s10rc4,2026-03-22T23:26:42+00:00,neutral,english,,8,8,progression,Paragon 244 grind has started - best way levelling for rest of game.,"I know when I hit 285 this will seem like speed levelling, what's best way to get XP this season? Grouping in hordes I guess?  Yes, I always have forbidden Wisdom + Incense + Elixor active.",diablo4,https://www.reddit.com/r/diablo4/comments/1s10rc4/paragon_244_grind_has_started_best_way_levelling/,Reddit
1s10h2a,2026-03-22T23:14:57+00:00,neutral,english,,0,3,bugs,Awful textures contrast : why is there such beautiful textures and such horrendous ones next to each other ?,"Hi, i'm coming back to the game and remember it looking stunning and sharp. I played the beta and a month during release.   Now I see textures just like i remember them, but also some places where it looks like it hasn't even loaded. It kinda ruins the thing especially during cinematic where everything is crisp and shiny but lilith comes from diablo II.  I really want to enjoy the story and was wondering if this was a known issue and if there was any fix ?   I have i7 7700K, 16Go RAM, 2060 super, and the game runs well.  Thanks in advance  [Look at the wood my char in laying on](https://preview.redd.it/54vahindioqg1.jpg?width=3840&amp;format=pjpg&amp;auto=webp&amp;s=3329e4497a329209b711f6f5fbe81fc1539ac96e)  https://preview.redd.it/0sm3bindioqg1.jpg?width=3840&amp;format=pjpg&amp;auto=webp&amp;s=13f55b66da5286cc282444db48c8b4d9cb166e3c  [why are the benches that blurry compared to the rug or my char ?](https://preview.redd.it/ipfpfindioqg1.jpg?width=3840&amp;format=pjpg&amp;auto=webp&amp;s=5dacca4288dca83e09e5fecf7773f3f6fbd58178)  [speaks for itself](https://preview.redd.it/fh5p0jndioqg1.jpg?width=3840&amp;format=pjpg&amp;auto=webp&amp;s=bd5965bbd55923459e992989736b067f25b1c42f)  [There you can really see how sharp my char is compared to the world around him, especially that hanged body](https://preview.redd.it/dfvt2wndioqg1.jpg?width=3840&amp;format=pjpg&amp;auto=webp&amp;s=8e7e02c7775cc361409228a76e04876e266639d1)",diablo4,https://www.reddit.com/r/diablo4/comments/1s10h2a/awful_textures_contrast_why_is_there_such/,Reddit
1s1083j,2026-03-22T23:04:22+00:00,neutral,english,,0,1,progression,"I only have the base game, what am I missing out on. Just returned from launch","what am I missing out on by not getting any of the new expansions? I'm in the current season and I just started my Paragon levels. how far can I build my character? what content will I be missing out on? I'm just debating if I should spend the money and get the expansions or not.   if I'm being honest, I don't know how long I'll play. I'm enjoying playing The Druid right now, but not sure if the endgame loop will keep me engaged enough.   so if you know what I'm missing out on please let me know and maybe I'll help my decision",diablo4,https://www.reddit.com/r/diablo4/comments/1s1083j/i_only_have_the_base_game_what_am_i_missing_out/,Reddit
1s105xe,2026-03-22T23:01:52+00:00,neutral,english,,0,20,progression,Banned account for naming simply because someone reported it. So thanks to them I will no longer waste my $ on Blizzard games,"So I'd been playing since diablo 1 , paid for expansion yesterday, today logged on my account banned, immediately I went to charge back my payment n got credit almost instantly through PayPal.  the game is paid n played by adults with violences and gore and blood, but they suppressed your 1st amendment, while they have sexualizing their characters with costumes like never before but it not okay to name your character something like Hawktuah or MyKneegrows, or iSuck,  and so on... so wtf wrong with their staffs and policies as well as the amount of Karen's playing this game?",diablo4,https://www.reddit.com/r/diablo4/comments/1s105xe/banned_account_for_naming_simply_because_someone/,Reddit
1s0zmb5,2026-03-22T22:39:23+00:00,neutral,english,,30,2,general,Knock knock Uber eats just arrived,And its meat,diablo4,https://www.reddit.com/r/diablo4/comments/1s0zmb5/knock_knock_uber_eats_just_arrived/,Reddit
1s0zhqv,2026-03-22T22:33:57+00:00,neutral,english,,0,1,general,First time playing HC and up to T4 (barely) so it was time to gamble both my sparks,"Holy moly. Figured I could find use for almost anything at this point, and this will definitely do! Although now I’m scared to use it, I know I’m gonna get too exited…",diablo4,https://www.reddit.com/r/diablo4/comments/1s0zhqv/first_time_playing_hc_and_up_to_t4_barely_so_it/,Reddit
1s0zgmn,2026-03-22T22:32:39+00:00,neutral,english,,1,3,loot,Obdicite Tribute Dropping no Obdicite?,I think I ran a trial using an Obdicite Tribute... and literally picked up zero obdicite for the whole run. Seems... contradictory.,diablo4,https://www.reddit.com/r/diablo4/comments/1s0zgmn/obdicite_tribute_dropping_no_obdicite/,Reddit
1s0zbco,2026-03-22T22:26:27+00:00,positive,english,,0,4,loot,I built a free Diablo 4 trading site with real-time chat and Korean/English support — looking for testers!,"Hey everyone,  I've been using existing D4 trading sites but found them lacking in several areas, so I decided to build my own. After weeks of development, d4t.kr is now live and I'm looking for testers and feedback.  What makes it different:  Real-time Trading  * Instant chat opens when you place a bid — negotiate directly with the seller * Real-time notifications with sound alerts for bids and messages * Battletag auto-exchange on deal acceptance  Smart Search  * Filter by specific affixes with Greater Affix (GA) requirements * Set minimum Unique Power values * Save search presets — activate multiple presets for OR search across builds  Rune &amp; Material Trading  * Dedicated tab for runes, boss materials, and gems * Card-grid UI with quantity bidding and partial fills * Real game images from Fextralife  Built-in Translation  * Full Korean/English bilingual support * In-chat translation button (🌐) when trading with someone from a different country  Fair Trading System  * 10-minute response rule: sellers get warned if they don't respond to bids * 3 warnings = 24-hour trade ban * Trade failure dispute system with reason tracking * Chat history preserved for evidence  Other Features  * Battle.net login (Battletag auto-linked) * Season 12 data (Bloodied seasonal affixes included) * 198 unique items with Korean names and game images * Floating guide widget with full rules/penalties explanation * Mobile responsive  What I need from you:  * Try registering items and bidding * Test the chat system * Report any bugs or UX issues * Suggestions for improvement  The site currently has dummy listings to browse. Would love to get some real trades going!  Link: [https://d4t.kr](https://d4t.kr)  Built with Next.js, Express, Socket.IO, MySQL. Battle.net OAuth for login.  Thanks for checking it out! Happy to answer any questions.",diablo4,https://www.reddit.com/r/diablo4/comments/1s0zbco/i_built_a_free_diablo_4_trading_site_with/,Reddit
1s0z993,2026-03-22T22:24:06+00:00,positive,english,,0,12,progression,Stuck in Torment 3 at 200 Paragon with Gear,"I would love to be able to play through torment 4 but I am stuck at 3. I cannot beat the Butcher boss fight at T3. Should I just continue to grind dungeons, hell tides, pit, hordes etc until I get lucky on gear and level up? At this point the leveling is slow. Thanks in advance!",diablo4,https://www.reddit.com/r/diablo4/comments/1s0z993/stuck_in_torment_3_at_200_paragon_with_gear/,Reddit
1s0z1z8,2026-03-22T22:15:40+00:00,neutral,english,,0,5,general,How to get damage number up on my paladin?,How can you get your damage number above 720?  I have tried a dozen different weapons on my paladin and I cannot get the damage number up without a mythic which I don’t have yet.  I have upgraded a half a dozen weapons and still cannot get past 720.  Is there something I am missing here?  I know that there are damage multipliers on the paragon board but the damage number on my weapon never changes,diablo4,https://www.reddit.com/r/diablo4/comments/1s0z1z8/how_to_get_damage_number_up_on_my_paladin/,Reddit
1s0yxzy,2026-03-22T22:11:06+00:00,neutral,english,,2,2,general,I wish it was Ancestral one. Captain America BIS neck.,,diablo4,https://www.reddit.com/r/diablo4/comments/1s0yxzy/i_wish_it_was_ancestral_one_captain_america_bis/,Reddit
1s0yuya,2026-03-22T22:07:33+00:00,neutral,english,,1,1,loot,World Boss Spoils Not Dropping,Apologies if this has been posted already... Is it just me or are the world boss spoils caches not dropping? The last 3 I have completed didn't drop and 1 of them dropped for my player 2 but not me.,diablo4,https://www.reddit.com/r/diablo4/comments/1s0yuya/world_boss_spoils_not_dropping/,Reddit
1s0yrwn,2026-03-22T22:04:04+00:00,neutral,english,,0,1,rewards,Is there a limit to unclaimed bloodied caches?,"I didn't play for a while and didn't realize the rewards didn't stop after finishing the board. 🤦‍♂️  I had 40 unclaimed caches, I was wondering if it was the limit?",diablo4,https://www.reddit.com/r/diablo4/comments/1s0yrwn/is_there_a_limit_to_unclaimed_bloodied_caches/,Reddit
1s0yp3d,2026-03-22T22:00:55+00:00,neutral,english,,53,47,season content,This right here is absolute bullsh*t,This has to be one of the most annoying and unsatisfying seasons I've ever played so far in this game. But for some reason I keep playing.,diablo4,https://www.reddit.com/r/diablo4/comments/1s0yp3d/this_right_here_is_absolute_bullsht/,Reddit
1s0yo50,2026-03-22T21:59:57+00:00,positive,english,,6,28,endgame,"No damage, no damage, no damage, BOOM 1-shot.","There has to be a better way to run the game than this. I don’t know if it’s the falling swords or the suicide bombers but I’m tired of my character going from full health to dead when the rest of the time he takes no damage at all. And this is only pit 55. I run up, tag the monsters with my curses (Golem necro) and then run like hell in the hopes that one of the half dozen 1-shot mechanics doesn’t kill me dead.",diablo4,https://www.reddit.com/r/diablo4/comments/1s0yo50/no_damage_no_damage_no_damage_boom_1shot/,Reddit
1s0ykva,2026-03-22T21:56:17+00:00,neutral,english,,0,15,general,Are the DLC worth the costs if I always play with a Barb,Do I miss anything from the extra map section or anything else from not having the DLC?,diablo4,https://www.reddit.com/r/diablo4/comments/1s0ykva/are_the_dlc_worth_the_costs_if_i_always_play_with/,Reddit
1s0yk67,2026-03-22T21:55:31+00:00,neutral,english,,1,3,loot,Legendary Aspects: Eternal -&gt; Seasonal,"I've gotten conflicting answers from Google, so I'm asking here. My first character for the campaign at launch was a Necromancer, and he's my only Eternal realm character.   I'm wondering, if I salvage my Deathless Visage currently on my Eternal character can I then use that legendary aspect on my seasonal Necromancer and other seasonal Necromancers going forward?  Half of my search results are saying that legendary aspects don't carry between seasons, some say they do but only between seasonal characters, and some say they are shared between all characters across Eternal and Seasonal. So, Google has failed me and I'm asking here.",diablo4,https://www.reddit.com/r/diablo4/comments/1s0yk67/legendary_aspects_eternal_seasonal/,Reddit
1s0y4j1,2026-03-22T21:38:23+00:00,positive,english,,0,9,general,Anyone able to spare a dawnfire and/or sundered night to get me started?,"Doesn't have to be good, any old ones to get me going. Thanks",diablo4,https://www.reddit.com/r/diablo4/comments/1s0y4j1/anyone_able_to_spare_a_dawnfire_andor_sundered/,Reddit
1s0y11u,2026-03-22T21:34:33+00:00,neutral,english,,2,2,season content,Season challenge rewards bug??,I claimed the filet-o-fresh and reconstituted meat slurry challenges got both caches but only got 2 of the 6 paragon points I should have. Is there a fix?,diablo4,https://www.reddit.com/r/diablo4/comments/1s0y11u/season_challenge_rewards_bug/,Reddit
1s0y01h,2026-03-22T21:33:24+00:00,neutral,english,,1,3,endgame,Best activity for Gem fragment farming,I’m having some trouble getting enough gem fragments. What is the best farming method?   Spam whispers? Nightmare dungeons with gem affix?   Thanks,diablo4,https://www.reddit.com/r/diablo4/comments/1s0y01h/best_activity_for_gem_fragment_farming/,Reddit
1s0xl3i,2026-03-22T21:16:51+00:00,neutral,english,,116,37,general,Didn’t even know 5GA was a thing,,diablo4,https://www.reddit.com/r/diablo4/comments/1s0xl3i/didnt_even_know_5ga_was_a_thing/,Reddit
1s0xeix,2026-03-22T21:09:36+00:00,neutral,english,,0,5,endgame,"can someone help me clear a bloodied boss sigil on torment 3, having issues getting it done, I'm on xbox, cheers!","really struggling to beat one of these, if anyone could hop in and help me that would be appreciated!",diablo4,https://www.reddit.com/r/diablo4/comments/1s0xeix/can_someone_help_me_clear_a_bloodied_boss_sigil/,Reddit
1s0xb3c,2026-03-22T21:05:54+00:00,neutral,english,,2,1,general,Lore question: Did the Askari have queens during their dark age?,"I couldn't find any information on who reigned the Askari during the 2000 year periode, they consider the Troubled Times.  Also: The names of the twin sisters are not known?  In addition: Valkyries in Greek-inspired lore?    Hefraetus as Hephaistos - did Blizzard not even care a little back then?  I hope some of this gets red-conned.",diablo4,https://www.reddit.com/r/diablo4/comments/1s0xb3c/lore_question_did_the_askari_have_queens_during/,Reddit
1s0x2ai,2026-03-22T20:56:28+00:00,neutral,english,,2,1,general,What is this reddish purple upgrade star? Is it just showing the upgrade fell on the GA’d stat?,,diablo4,https://www.reddit.com/r/diablo4/comments/1s0x2ai/what_is_this_reddish_purple_upgrade_star_is_it/,Reddit
1s0w87s,2026-03-22T20:23:46+00:00,neutral,english,,8,5,loot,Slaughterhouse Mechanic and Obducite,I wonder why they didn't make obducite a reward for the slaughter house sigils? I'm not talking astronomical numbers like season 11. Just something simple like maybe 50-100 obducite. It would've made the grind a lot more tolerable.  Those sigils drop like candy but the loot is Meh... just a thought. What do you all think?,diablo4,https://www.reddit.com/r/diablo4/comments/1s0w87s/slaughterhouse_mechanic_and_obducite/,Reddit
1s0vsz0,2026-03-22T20:07:03+00:00,neutral,english,,3,38,loot,I Have Everything But Obducite!,How are you guys getting Obducite? From what I can tell it’s only Nightmare Dungeons and the compasses. I rarely find a compass and ND drop only a couple as far as I can see. I’m currently T2 but could do T3 easily if I could just find some Obducite and a lot of it.,diablo4,https://www.reddit.com/r/diablo4/comments/1s0vsz0/i_have_everything_but_obducite/,Reddit
1s0vonq,2026-03-22T20:02:28+00:00,neutral,english,,0,1,season content,Altar/Season Journey like D3 in D4?,"Killing time on D4 until S38 in D3 Friday. So far, not seeing anything like an Altar of Rites or actual Season Journey in D4. Am I missing them, or are they just not in the game?",diablo4,https://www.reddit.com/r/diablo4/comments/1s0vonq/altarseason_journey_like_d3_in_d4/,Reddit
1s0vk6v,2026-03-22T19:57:50+00:00,positive,english,,1,3,progression,Getting PvP cosmetics during this season?,I see posts saying that this season's PvP events are a good way to grind the currency to get the PvP outfits.   I tried it once and it was confusing.. Everyone just stood around the altar and were one shotting whoever decided to become the butcher for the entire duration.   Could someone explain the exact steps on what to do here to someone that never played PvP in this game?,diablo4,https://www.reddit.com/r/diablo4/comments/1s0vk6v/getting_pvp_cosmetics_during_this_season/,Reddit
1s0urj3,2026-03-22T19:26:38+00:00,negative,english,,71,25,general,The most underrated part about this game is how cool the monsters look,"We lose sight of how visually awesome they are because we’re just plowing thru them covering our screens with big numbers and effects we don’t really get to appreciate their animations and aesthetics.   Kudos to whoever worked on them.   Although there is a a break between how imposing the look and how clunky/soft they are. For those who know, it’s kinda similar to suffering from the old “space marines movements” where on paper and in appearance they look badass af but during game play they’re just slow bulky awkward clumsy fkin trash lol",diablo4,https://www.reddit.com/r/diablo4/comments/1s0urj3/the_most_underrated_part_about_this_game_is_how/,Reddit
1s0uo0i,2026-03-22T19:22:52+00:00,positive,english,,0,3,season content,Elite Farming in the PVP zones,"For those going for the seasonal achievement to kill 250 elites in the PVP zones in chapter 6, do you have any tips/tricks for this one?  I've been chasing the events for now, unless anyone else has come up with a better strategy.  Thanks!",diablo4,https://www.reddit.com/r/diablo4/comments/1s0uo0i/elite_farming_in_the_pvp_zones/,Reddit
1s0ujxc,2026-03-22T19:18:35+00:00,neutral,english,,0,1,general,Disappointed that Heaven's Fury doesn't have a shotgun upgrade,"I mean, honestly, what would have been so difficult about changing an upgrade to ""Heaven's Fury is now a core ability and unleashes 3 beams in front of you and costs 30 Faith""? Instead, we have 3 useless upgrades that are worthless.",diablo4,https://www.reddit.com/r/diablo4/comments/1s0ujxc/disappointed_that_heavens_fury_doesnt_have_a/,Reddit
1s0ugwd,2026-03-22T19:15:22+00:00,neutral,english,,0,8,build diversity,Is this thing TRASH or Useful?,Are there even any S tier builds that make use of this item? Or did I just find a godrolled piece of dookie? 😆,diablo4,https://www.reddit.com/r/diablo4/comments/1s0ugwd/is_this_thing_trash_or_useful/,Reddit
1s0txyn,2026-03-22T18:55:38+00:00,neutral,english,,0,9,endgame,Coming Back After Break: Where Do I Go?? (Unlocking Torment),"EDIT: I just had to click on the stone to access the pit in Cerrigar Thank you!!!   So I have come back after a long hiatus and have found my paragon 94 character stuck. Penitent is the highest difficulty I have unlocked, and I can't seem to figure out how to get on track or find The Artificier's Tier, so I can can complete 10 Tiers and unlock Torment difficulty.   ELI5 if possible.",diablo4,https://www.reddit.com/r/diablo4/comments/1s0txyn/coming_back_after_break_where_do_i_go_unlocking/,Reddit
1s0txmt,2026-03-22T18:55:19+00:00,neutral,english,,20,5,monetization,"Welp, guess it will stay as a museum piece unless i can find a 4GA with the skin.",,diablo4,https://www.reddit.com/r/diablo4/comments/1s0txmt/welp_guess_it_will_stay_as_a_museum_piece_unless/,Reddit
1s0tpzr,2026-03-22T18:47:02+00:00,neutral,english,,44,23,season content,Thoughts on The Butcher in Season 12..,https://preview.redd.it/db5moe8u6nqg1.png?width=513&amp;format=png&amp;auto=webp&amp;s=8ff464b1ba888baa28edf1ea61e907e72d6c820b  Thought this fit..,diablo4,https://www.reddit.com/r/diablo4/comments/1s0tpzr/thoughts_on_the_butcher_in_season_12/,Reddit
1s0tmzl,2026-03-22T18:43:51+00:00,positive,english,,0,10,endgame,Paragon 150 hammerdin. Just got into T3 and I feel like my damage is off,My damage has fallen off to the point I am literally struggling to clear things in Helltides on Torment 3. Anything in particular i am missing? Been following a hammerdin budget build but coming across specific items are tough. Anyway I can better my damage. My current toughness is about 93k,diablo4,https://www.reddit.com/r/diablo4/comments/1s0tmzl/paragon_150_hammerdin_just_got_into_t3_and_i_feel/,Reddit
1s0tceo,2026-03-22T18:32:41+00:00,neutral,english,,24,64,progression,How Many Expansions Do You Believe Diablo IV Will Get?,"I recently made a speculation post on where I think the next expansion after Lord of Hatred is going, and I got a couple of comments saying that Diablo IV isn't getting any more expansions after Lord of Hatred. I don't actually want to talk about that possibility because it is honestly the least interesting one. But I am curious how many expansions you think the game will get. Two more, just enough to do Diablo and Baal and end it? Four more, to give Baal &amp; Diablo each the same level of buildup Mephisto got? Or even more, with future expansions going beyond the Prime Evils and giving us characters like Imperius as expansion bosses?   I have two different maps on here because I believe one of the goals with Diablo IV is to make a full Sanctuary open world, but how exactly that looks could be different depending on how many expansions they have planned. If they only have four more expansions planned, the western continent could theoretically be covered in three expansion zones, while if they have many expansions planned it could be as many as six expansion zones.  So yeah, I'm curious: **How many more expansions do you believe Diablo IV will get?**",diablo4,https://www.reddit.com/r/diablo4/comments/1s0tceo/how_many_expansions_do_you_believe_diablo_iv_will/,Reddit
1s0ta2e,2026-03-22T18:30:19+00:00,negative,english,,2,1,performance,I really like this game but stability get worse more I play.,"When I first started playing this, the performance was amazing.  All max settings on 1440p, getting 120fps (capped).  Now Im LVL 56, and I cant go 3 seconds without teleporting all over the place, NPCs/Enemies get stuck in idle animation loops, and a lot of feeling like Im on a treadmill made of ice but some power is forcing me to a spot.  I have \~250mbps but Diablo 4 is only utilizing 0.1mbps, my CPU usage averages 20%, Memory at 40% or 50% at peak, and GPU is 70% utilized 80% at peak. Yet all this keeps happening.",diablo4,https://www.reddit.com/r/diablo4/comments/1s0ta2e/i_really_like_this_game_but_stability_get_worse/,Reddit
1s0smq1,2026-03-22T18:05:45+00:00,neutral,english,,1,5,loot,4GA Blood-Mad Idol just dropped on me,has anyone had a chance to play with this unique yet? I've not crafted it yet but so far it provides similar damage to my legendary amulet that's master crafted to 25. I just can't get hit at all,diablo4,https://www.reddit.com/r/diablo4/comments/1s0smq1/4ga_bloodmad_idol_just_dropped_on_me/,Reddit
1s0s70g,2026-03-22T17:49:22+00:00,neutral,english,,1,2,general,How do I get the Bosses at the Ceremony of Slaughter?,Are they purely RNG or can you trigger them or do they come after a certain period of time?,diablo4,https://www.reddit.com/r/diablo4/comments/1s0s70g/how_do_i_get_the_bosses_at_the_ceremony_of/,Reddit
1s0rly8,2026-03-22T17:26:35+00:00,neutral,english,,0,3,season content,Imprinting Aspects - Minimum %,Has anyone else had issues this season when imprinting aspects it is always imprinted at the minimum %? Regardless if the aspect is fully maxed?  Not sure if this is a visual bug or not.,diablo4,https://www.reddit.com/r/diablo4/comments/1s0rly8/imprinting_aspects_minimum/,Reddit
1s0r5qw,2026-03-22T17:09:10+00:00,positive,english,,144,20,general,My character as Barbie Barbarian,Looks#24 as Barbierian!   That was such a fun project,diablo4,https://www.reddit.com/r/diablo4/comments/1s0r5qw/my_character_as_barbie_barbarian/,Reddit
1s0qneq,2026-03-22T16:49:45+00:00,neutral,english,,20,17,season content,Did they change the mythics lvl requirement ?,"some mythic are lvl 35 and some are 60, is it a bug or did they change it  this season ?",diablo4,https://www.reddit.com/r/diablo4/comments/1s0qneq/did_they_change_the_mythics_lvl_requirement/,Reddit
1s0qe3l,2026-03-22T16:40:05+00:00,negative,english,,3,1,season content,Game keeps crashing - how do I troubleshoot?,"Hey,  I am on PC and my game keeps freezing for a second and then it's just gone. Everything else keeps working fine (browser, streams, etc...)  I have had this issue on and off since the last season. Some days I can play for 2-3 hours straight without any issue, other days it keeps happening every 30 minutes.   I have tried to eliminate outside factors, I have re-installed the game, I have tried to close every other application in the background, I have tried different settings, I can't seem to be able to find the problem.   For some time, it kept happening just while at the blacksmith or standing in town with the stash open. Sometimes it seems more frequent in loading screens but then other days those are fine. I really can't pinpoint when it will happen.  I just don't really know where to start. Are there logs that I could check? Maybe anyone has had similar issues and point me in a direction, just looking for some input. Thank you!",diablo4,https://www.reddit.com/r/diablo4/comments/1s0qe3l/game_keeps_crashing_how_do_i_troubleshoot/,Reddit
1s0q42c,2026-03-22T16:29:14+00:00,positive,english,,2,0,loot,Fundamentals of Faith Quest Disappeared,"I just came back after not playing since season 0. I went straight to Helltides because I didn’t have any interest in doing the campaign again and didn’t have VoH. I purchased VoH after reaching a high paragon, and had the Fundamentals of Faith quest. I did a run at the Spirit Brazier, and I never received any rune for completion. I ran maybe 4 or 5, never got one and the quest never completed. Eventually my friend dropped a rune for me, and now i’m noticing that the quest isn’t even in my log anymore. Has anyone run into this, or have any suggestions on what to do here?",diablo4,https://www.reddit.com/r/diablo4/comments/1s0q42c/fundamentals_of_faith_quest_disappeared/,Reddit
1s0q3jh,2026-03-22T16:28:38+00:00,neutral,english,,4,13,general,What’s the best way to level up as a beginner?,Would doing the story be the best or would it be just running dungeons or what? I don’t really need to speed run it but being newer I’ve always wondered.,diablo4,https://www.reddit.com/r/diablo4/comments/1s0q3jh/whats_the_best_way_to_level_up_as_a_beginner/,Reddit
1s0ptph,2026-03-22T16:17:48+00:00,neutral,english,,0,7,endgame,Infernal protection permanently on all bosses?,"Made it to torment 1, got some lair keys and all the bosses have infernal protection under their health bar. Is the new? I killed grigoire a few times and I feel like he was way tanker than he should be. Then I went to fight belial, and he has the same infernal protection under his bar and I’m hardly doing any damage at all.   Do all bosses just have this extra tank now?",diablo4,https://www.reddit.com/r/diablo4/comments/1s0ptph/infernal_protection_permanently_on_all_bosses/,Reddit
1s0o6k1,2026-03-22T15:14:02+00:00,neutral,english,,161,33,progression,Been grinding countless boss trying to get Heir of Perdition when suddenly..,,diablo4,https://www.reddit.com/r/diablo4/comments/1s0o6k1/been_grinding_countless_boss_trying_to_get_heir/,Reddit
1s11pm5,2026-03-23T00:07:25+00:00,neutral,english,,5,5,progression,Dilemma related to campaign + new expansion + season,"Hey everyone, I'm facing a doubt and would like your advice.  I bought Diablo IV at launch, played the campaign, and then some seasons (but not all of them... I think just the first two). After that, I took a break from the game.  I haven't played anything from Expansion 1 and I'm really excited for Expansion 2.  To refresh my memory of the campaign events, I created a new character for the current season and I'm playing the campaign on this character in the current season. My plan is to play the original campaign + Expansion 1 with this character.  But what happens when Expansion 2 arrives along with the new season? What do you recommend I do?   The game doesn't let me reset my character like in Diablo III. So I'll end up with a character X that has played the original campaign + Expansion 1, but that character won't be able to participate in the new season that comes with the expansion because it will be outside the season.  Would I have to play the new expansion outside of season, finish it, and then create a new character to play the new season? Is that the only way?",diablo,https://www.reddit.com/r/Diablo/comments/1s11pm5/dilemma_related_to_campaign_new_expansion_season/,Reddit
1s10iek,2026-03-22T23:16:30+00:00,neutral,english,,0,0,general,Awful textures contrast : why is there such beautiful textures and such horrendous ones next to each other ?,,diablo,https://www.reddit.com/r/Diablo/comments/1s10iek/awful_textures_contrast_why_is_there_such/,Reddit
1s0yuey,2026-03-22T22:06:58+00:00,neutral,english,,4,2,general,how many players are playing on NS2 Offline,I am trying to play the Offline mode on my new NS2,diablo,https://www.reddit.com/r/Diablo/comments/1s0yuey/how_many_players_are_playing_on_ns2_offline/,Reddit
1s0yhft,2026-03-22T21:52:26+00:00,neutral,english,,0,12,general,Since when did they have a the last of us area in an Nephilim rift?,This is brand new to me,diablo,https://www.reddit.com/r/Diablo/comments/1s0yhft/since_when_did_they_have_a_the_last_of_us_area_in/,Reddit
1s0utxv,2026-03-22T19:29:15+00:00,positive,english,,23,32,general,Inarius=Prometheus?,"Inarius: The Renegade Archangel who stole the Worldstone and, together with Lilith, created Sanctuary. And with it, humanity. He cared for his children and the world he created, for which he was punished by The Heavens when they found out and imprisoned in Hell for eternal torture. But after ~3,000 years, Inarius somehow escaped.  Prometheus: Titan who loved humanity and wanted to help people live better lives. He defied gods by stealing fire from them and giving it to humans. As punishment for this act, Zeus ordered that Prometheus be chained to endless torture. He endured this suffering for a very long time until Heracles freed him.",diablo,https://www.reddit.com/r/Diablo/comments/1s0utxv/inariusprometheus/,Reddit
1s0tgjp,2026-03-22T18:37:03+00:00,positive,english,,5,22,general,Any pointers on playing Diablo with my son?,"Greetings! My son is 10, loves Minecraft Dungeons, and I’ve always wanted to play Diablo with him. I personally played Diablo 1 and 2 when both were released and loved them both, but I know they are long in the tooth and there are graphic and quality of life mods these days. Anyone have any pointers on how best to play either game for a new, young gamer?  As an aside, he does great with the horror genre and I’m not worried about any of the gore aspects.",diablo,https://www.reddit.com/r/Diablo/comments/1s0tgjp/any_pointers_on_playing_diablo_with_my_son/,Reddit
1s0t67l,2026-03-22T18:26:15+00:00,neutral,english,,0,6,general,"Only ~1,000 Heroes Left Until 100,000!",,diablo,https://www.reddit.com/r/Diablo/comments/1s0t67l/only_1000_heroes_left_until_100000/,Reddit
1s0jwop,2026-03-22T12:05:19+00:00,neutral,english,,3,3,general,price check,https://preview.redd.it/za8ek7f97lqg1.png?width=462&amp;format=png&amp;auto=webp&amp;s=b5d85612c145098602ff096d81d9248f60b9c080  thoughts on price? Couldn't see many similar that sold,diablo,https://www.reddit.com/r/Diablo/comments/1s0jwop/price_check/,Reddit
1s0elpo,2026-03-22T06:39:40+00:00,positive,english,,3,9,general,"With the New Update, who would like to be able to use ""Greater Undead"" as a Necro?","So, for instance, not just skeletons, but zombies, ghosts, Wights(vampire knight bois), Ghouls, Tomb Lords, etc. I would sell my firstborn child and 6 major organs to be able to create more thwn just skeletons.",diablo,https://www.reddit.com/r/Diablo/comments/1s0elpo/with_the_new_update_who_would_like_to_be_able_to/,Reddit
1s0awt2,2026-03-22T03:14:31+00:00,neutral,english,,63,35,general,Which one should I get first?,"Diablo: Horadric Vault or McFarlane Toys Lilith?  Edit: I decided on the books; I'd been looking at some of their pages and they're beautiful, and my next purchase will definitely be Book of Prava.",diablo,https://www.reddit.com/r/Diablo/comments/1s0awt2/which_one_should_i_get_first/,Reddit
1s069ba,2026-03-21T23:36:37+00:00,neutral,english,,208,48,progression,Would you like to see Inarius return in corrupted form?,"I think Inarius was completely wasted as a character, reduced to a laughingstock. Developers didn't even bother to give him a proper goal. I'm not talking about bossfight. Inarius' initial potential was completely lost. His character was also ruined: he was turned into a whiner who begged for protection in the end. He might have been an asshole in the books, but at least he stood up for himself and his interests (R.I.P. Book Inarius). It was expected that Inarius, after ~3000 years of imprisonment in Hell under the most brutal torture, would return and would tear and throw everything from overflowing hatred and trauma, trying to take revenge, but no:  «I want to return to those who imprisoned me»  Yes, some might say he was just desperate, but still, it's so poorly written. It’s sad to see what they’ve done to my favorite character, who was the reason I became interested in the Diablo universe.  So, it would be cool if he came back as a completely corrupted version of himself to finally exact his revenge. + Bossfight. And, for that matter, give him a proper ending.  What are your thoughts on this?",diablo,https://www.reddit.com/r/Diablo/comments/1s069ba/would_you_like_to_see_inarius_return_in_corrupted/,Reddit
1s031wu,2026-03-21T21:17:21+00:00,positive,english,,0,8,general,Diablo 3 PC with controller?,"Good evening!   I'm trying to play Diablo 3 in chill mode on my Legion Go S, but it's impossible since the game isn't compatible with a controller on PC. Is there a solution? Thanks in advance!",diablo,https://www.reddit.com/r/Diablo/comments/1s031wu/diablo_3_pc_with_controller/,Reddit
1s02yli,2026-03-21T21:13:30+00:00,neutral,english,,124,55,general,The Vessel of Hatred is done,"The plot is a bit cliche, but I still enjoyed it. I'm really looking forward to LoH",diablo,https://www.reddit.com/r/Diablo/comments/1s02yli/the_vessel_of_hatred_is_done/,Reddit
1s01r6t,2026-03-21T20:24:07+00:00,neutral,english,,14,6,balance,Warlock Class -matter of opinion,Anyone else feel like The Warlock class has the attitude and mentality of someone like Jafar from Aladdin? Had a sense that he could be Jafar's cousin or brother from another mother that just went their own direction but kept the same attitude??,diablo,https://www.reddit.com/r/Diablo/comments/1s01r6t/warlock_class_matter_of_opinion/,Reddit
1s00f1n,2026-03-21T19:29:50+00:00,neutral,english,,0,13,general,Is it worth coming back to the game?,Genuinely curious people thoughts on current state of the game and where it’s going? I haven’t played since right before spiritborn came out.,diablo,https://www.reddit.com/r/Diablo/comments/1s00f1n/is_it_worth_coming_back_to_the_game/,Reddit
1rzyhew,2026-03-21T18:13:04+00:00,positive,english,,769,302,progression,Is Diablo 1 worth playing if you only want to play the campaign?,"This question also applies to the other Diablo games, but for some reason I'm much more interested in the first one. Is it worth playing just to complete the main story and the story expansions? I don't intend to farm, play seasons, or anything like that. Just the story mode of each game.  And another question, how does the controller support work in Diablo 1 Devilutionx? Is it good? I plan to play all the games with a controller.",diablo,https://www.reddit.com/r/Diablo/comments/1rzyhew/is_diablo_1_worth_playing_if_you_only_want_to/,Reddit
1rzyghp,2026-03-21T18:12:02+00:00,positive,english,,0,25,general,Should I start with 2: Remastered or 4?,I need some help making a decision. I'm moving across my country for a job and gaming with my friends is a way I stay I plan to stay in touch with them. We like action RPGs but none of us have played the Diablo series. I've been reading reviews about a good place to jump into the series and wanted to get some feedback from an informed community. I've gathered that for new players wither Diablo 2:Remastered or Diablo 4 will be my best options.   What do y'all think?,diablo,https://www.reddit.com/r/Diablo/comments/1rzyghp/should_i_start_with_2_remastered_or_4/,Reddit
1rzy0av,2026-03-21T17:54:43+00:00,positive,english,,22,6,general,I beat Diablo in Diablo 1 for the first time in 28 years.,"It took me a few weeks as I'm playing D4 with some friends, and have really been enjoying D2 resurrected but after spending some time replaying levels 1-11 in a new game in order to overlevel my rogue a bit I managed to beat the big guy by timing my potion use just right. It's only Normal difficulty so it's not THAT impressive a feat but it felt cool to finally take the OG devil boy down after not having done so in almost 30 years. I first played Diablo on Playstation, and my best friend at the time and I would take turns fighting through each level while writing down every magic item and weapon we'd find. It reminded me of all the great times I had back then, and I can't wait to see how many times I can beat him again.   It's sort of strange going back to the og game. Even though I'm using the DevilutionX mod I'm only using it so that I can run it in a higher resolution due to having a much wider screen than I had back in the day lol. I liked the ability to scroll/zoom in and out that some other mods have but unfortunately they make a lot of changes that change the game from being vanilla, and I wanted to play it as close to the original gameplay as possible barring changing the game speed so I don't have to spend so long walking from one end of the empty dungeons to another.   If not for Diablo I wouldn't have gotten into games like Torchlight, and wouldn't have a lot of the amazing friends I've made because of my being a part of the arpg community. I'm grateful I've had a chance to personally get to know and thank people like Max &amp; Erich Shaefer, Matt Uelmen, and a lot of the OG Diablo creators for all their work. This series has given me a lot. I'll always be a fan.",diablo,https://www.reddit.com/r/Diablo/comments/1rzy0av/i_beat_diablo_in_diablo_1_for_the_first_time_in/,Reddit
1rzwrtv,2026-03-21T17:06:09+00:00,neutral,english,,0,49,general,I still think Diablo 1 is the best game in franchise,"followed by Diablo 2r, D3 is okay, D4 meh.",diablo,https://www.reddit.com/r/Diablo/comments/1rzwrtv/i_still_think_diablo_1_is_the_best_game_in/,Reddit
1rzw9w3,2026-03-21T16:46:22+00:00,neutral,english,,0,0,general,I installed the game today and all graphics and lightnings glitching flashing how can i solve this ?,,diablo,https://www.reddit.com/r/Diablo/comments/1rzw9w3/i_installed_the_game_today_and_all_graphics_and/,Reddit
1rzupyh,2026-03-21T15:45:12+00:00,neutral,english,,8,6,general,Heres an easy way to organize your bloodied lair boss keys (PC only),I like to put 1 boss material above it to know which is which  you could also do them sideways over 2 stash tabs for more room but i usually start doing them once the row is full,diablo,https://www.reddit.com/r/Diablo/comments/1rzupyh/heres_an_easy_way_to_organize_your_bloodied_lair/,Reddit
1rzunzy,2026-03-21T15:42:57+00:00,neutral,english,,1,0,general,Washed out image looking for a fix?,,diablo,https://www.reddit.com/r/Diablo/comments/1rzunzy/washed_out_image_looking_for_a_fix/,Reddit
1rzsnut,2026-03-21T14:19:44+00:00,neutral,english,,0,10,loot,Diablo Immortal: Is this a dumb plan to increase rez for a mid-level player on a budget?,"Hi -- I'm looking for advice. I'm a 5K rez necro, 5-6K secondaries, with two alts for plat generation (i'll list my legendary gems below, but I only have one 5\* and the rest are 4\*). I plan to spend most plat i make on normal gems. I started thinking that the next step to increase rez is to increase one of my 4\* to 5\*. To do that, my plan is to save the \~560 crests I'll need to get 22 talismen in a future surge event. Right now, I have 110 crests and can spend $50-100 a month to buy the most economical packs for crests. I figure it'll take a while, maybe til the end of the year to get to 560. But is this a stupid plan? Should I just blow my saved crests now to start building the Leviathan gem? Thank you!     Current Legendary gems  5\* r7 wulfheart  4\* r7 roiling coil  4\* r6 blood soaked jade  4\* r6 bottled hope  4\* r6 blood floe  4\* r6 void spark  4\* r6 haunted coil  4\* r5 colossus engine  For pvp, I swap out the wulfheart and void spark for a 4\* r6 seeping bile and r10 vipers bite",diablo,https://www.reddit.com/r/Diablo/comments/1rzsnut/diablo_immortal_is_this_a_dumb_plan_to_increase/,Reddit
1rzhjbn,2026-03-21T03:52:00+00:00,neutral,english,,0,0,general,Installing to D: Drive Not Possible?,,diablo,https://www.reddit.com/r/Diablo/comments/1rzhjbn/installing_to_d_drive_not_possible/,Reddit
1rzge6i,2026-03-21T02:54:32+00:00,neutral,english,,5,0,general,Diablo | The Sin Wars | The Scales of the Serpent | 21,finally completed the next chapter 😀 apologies for the delay,diablo,https://www.reddit.com/r/Diablo/comments/1rzge6i/diablo_the_sin_wars_the_scales_of_the_serpent_21/,Reddit
1rzfd8y,2026-03-21T02:05:01+00:00,neutral,english,,192,26,general,This is the end…..,,diablo,https://www.reddit.com/r/Diablo/comments/1rzfd8y/this_is_the_end/,Reddit
1rzerey,2026-03-21T01:36:53+00:00,neutral,english,,18,6,general,Double Doom,Doombringer from the Doom chest,diablo,https://www.reddit.com/r/Diablo/comments/1rzerey/double_doom/,Reddit
1rzdyns,2026-03-21T01:00:30+00:00,positive,english,,0,29,general,Is D3 or D4 in a better spot right now?,"I'm looking to play some Diablo, I have III and IV. Which do you think is at a more fun place right now, and why? I'd be playing a Necromancer in either one.",diablo,https://www.reddit.com/r/Diablo/comments/1rzdyns/is_d3_or_d4_in_a_better_spot_right_now/,Reddit
1rzdu2t,2026-03-21T00:54:49+00:00,neutral,english,,0,0,general,Just a Paladin🛡️ vs Butcher🪓,Original: https://youtu.be/42TAzTu9Wso?is=LUIvn7UqsvjM934x,diablo,https://www.reddit.com/r/Diablo/comments/1rzdu2t/just_a_paladin_vs_butcher/,Reddit
1rzctdp,2026-03-21T00:09:13+00:00,neutral,english,,248,24,general,Playing Belzebub the way God intended,,diablo,https://www.reddit.com/r/Diablo/comments/1rzctdp/playing_belzebub_the_way_god_intended/,Reddit
1rz3m8e,2026-03-20T18:06:41+00:00,neutral,english,,124,28,build diversity,"Diablo IV Patch Notes — 2.6.1 Build (All Platforms) March 24, 2026",,diablo,https://www.reddit.com/r/Diablo/comments/1rz3m8e/diablo_iv_patch_notes_261_build_all_platforms/,Reddit
1ryx46b,2026-03-20T14:04:00+00:00,neutral,english,,5,16,performance,A quick question on how to play Diablo 1,"I recently bought Diablo 1 on GOG.  I've played for like 2 hours now and I have a question.     1, Talk to the villagers and receive quest requests  2, Go down to dungeons  3, Kill enemies and level up  4, collect items  5, Get the items identified by Cain  6, Bring only necessary items and go back to dungeon  7, Beat the quest boss when I'm ready to fight  8, Repeat     Is that correct?   I find this game fun and see it has lots of playtime. I just wanted to know if I'm doing it right.  Thanks in advance.",diablo,https://www.reddit.com/r/Diablo/comments/1ryx46b/a_quick_question_on_how_to_play_diablo_1/,Reddit
1ryu2l1,2026-03-20T11:47:28+00:00,neutral,english,,392,280,general,"Diablo 4 director admits its “really hard for players to keep up” with constant changes, but every ARPG needs to “go through this transformative arc” these days",,diablo,https://www.reddit.com/r/Diablo/comments/1ryu2l1/diablo_4_director_admits_its_really_hard_for/,Reddit
1ryu0sj,2026-03-20T11:45:00+00:00,neutral,english,,46,21,general,Diablo IV: Lord of Hatred ⁠– Rapid Story Recap,Story recap from Diablo 1 to Diablo 4:Vessel of Hatred.,diablo,https://www.reddit.com/r/Diablo/comments/1ryu0sj/diablo_iv_lord_of_hatred_rapid_story_recap/,Reddit
1rykk2x,2026-03-20T02:44:43+00:00,negative,english,,0,5,general,trying to upgrade lord of hatred to deluxe/ultimate (ps5),"giving in to them badass wings! so i already have the standard edition, but when i goto upgrade in game it takes me to the ps store and shows me the full price, anyone know why this is happening / how to upgrade to either and only pay the price difference?",diablo,https://www.reddit.com/r/Diablo/comments/1rykk2x/trying_to_upgrade_lord_of_hatred_to/,Reddit
1ryk7bm,2026-03-20T02:28:31+00:00,neutral,english,,529,16,general,Interesting font choice…,It’s a Blizzard in Alaska,diablo,https://www.reddit.com/r/Diablo/comments/1ryk7bm/interesting_font_choice/,Reddit
1rye8wf,2026-03-19T22:15:25+00:00,neutral,english,,0,0,general,Help out a f2p scrub by using my code,,diablo,https://www.reddit.com/r/Diablo/comments/1rye8wf/help_out_a_f2p_scrub_by_using_my_code/,Reddit
1ryd4pj,2026-03-19T21:33:18+00:00,neutral,english,,1,0,build diversity,Meta Herald Strategy - Kin/Maxing Your Chances,,diablo,https://www.reddit.com/r/Diablo/comments/1ryd4pj/meta_herald_strategy_kinmaxing_your_chances/,Reddit
1ryci3q,2026-03-19T21:09:28+00:00,neutral,english,,4,161,general,"as a new player of this genre, D4 or D2R?",I’ve been eyeing this series for a while but i don’t know where to start since I’ve never played anything like it.,diablo,https://www.reddit.com/r/Diablo/comments/1ryci3q/as_a_new_player_of_this_genre_d4_or_d2r/,Reddit
1ry8row,2026-03-19T18:40:07+00:00,positive,english,,0,20,general,Maybe a dumb question. Where do I start?,"I haven’t played D4 at all. If I want to get access to as much content as possible at this moment, what do I buy?   Prefer to get this on Steam as I have a good PC and a Steam Deck.",diablo,https://www.reddit.com/r/Diablo/comments/1ry8row/maybe_a_dumb_question_where_do_i_start/,Reddit
1ry7o9m,2026-03-19T18:00:44+00:00,neutral,english,,5,13,general,"WEEKLY RAGE THREAD - March 19, 2026",REMEMBER THE RULES:   \* POST IN ALL CAPS\* VENT YOUR FRUSTRATIONS\* ALL POSTS MUST BE DIABLO RELATED  ENJOY!,diablo,https://www.reddit.com/r/Diablo/comments/1ry7o9m/weekly_rage_thread_march_19_2026/,Reddit
1ry37r4,2026-03-19T15:17:26+00:00,positive,english,,1,2,monetization,Question (dumb),"Hello, just asking if a 2 h sword has stats: strength, crit damage, damage, and -resourse cost and it has a paladin aspect. So it says its a paladin weapon. Can i equip it as barbarian if i just put a barbarian aspect in that weapon. Just making sure before trading my gold into a good rolled sword lol",diablo,https://www.reddit.com/r/Diablo/comments/1ry37r4/question_dumb/,Reddit
1ry17ad,2026-03-19T14:01:12+00:00,neutral,english,,0,8,general,Does old Battle.net work ? (for LoD),"https://preview.redd.it/kkik56f9d0qg1.png?width=800&amp;format=png&amp;auto=webp&amp;s=df6153a6f8c573806b3db63e8b942f19b33242ab  idk, I have my ports forwarded and stuff",diablo,https://www.reddit.com/r/Diablo/comments/1ry17ad/does_old_battlenet_work_for_lod/,Reddit
1ry12bp,2026-03-19T13:55:49+00:00,negative,english,,5,3,loot,High fan speeds since RotW,"Ever since RotW dropped, my PC fans whir up like I'm trying to play Crysis on release day, but only in Act 3. Has anyone else had a similar issue? No lag or anything, and it was fine before RotW.      Specs:   Core i5 12400F   16GB Corsair Vengeance DDR4   12GB EVGA GeForce RTX 3060 XC   1TB Samsung 980 NVMe M.2",diablo,https://www.reddit.com/r/Diablo/comments/1ry12bp/high_fan_speeds_since_rotw/,Reddit
1ry0gi8,2026-03-19T13:30:31+00:00,positive,english,,16,4,balance,Infernal Hordes Boons Tier List Guide,"Infernal Hordes Tier List  With the importance of Infernal Hordes as the xp meta this season, I finally decided to write a guide.  I have played every season since the introduction of Infernal Hordes, and this is my experience when picking boons during IH. You can agree to disagree, but this is my personal guide to picking IH boons. Note there may be errors in this guide as it's the first time I posted a guide here.     This tier list assumes you can kill aether lords near instantly. The key here is synergies. More synergy = more aether. Make your own judgement based on my analysis.  Dedicated to my friend Yorha who asked me for a written guide.     Godlike  The Chaotic Offering: Goblins  Nothing beats this. Usually anywhere 1-2k+ aether in one single wave depending kill and move speed. HOWEVER, you only have 10% chance of getting this, so factor this into your calculation. If you like gambling all the time, go ahead and pick chaos offerings every time, but chances are it isn’t always as worth it as you think, as there are other much worse outcomes that you will soon see below.     S++  The Colossal Fiends  This is probably the best reliable pick in Infernal Hordes. There is a 3x aether multiplier on fiends, which have a base rate of +2-3, meaning you get 6-9 aether per lord.     Picking Chaos Offerings with the slim hopes of getting a goblin wave over this is usually foolish. Perhaps the only times where it may be worse than chaos offerings are late waves (8+) where you didn’t get to pick much synergy waves earlier. In 95% circumstances though, this is probably better than even chaos offerings.      S+  The Ruthless Lords    Ruthless adds +5 on top per lord.      S  The Fiendish Legions   This turns fiends into lords. This is important to trigger maximum lord spawns.     S  The Chaotic Offering: Aether Lords  Usually averages about 400+ per single wave. Unlike all chaos offerings, it offers a little synergy. It seems that lord picks can affect this slightly, but not so much that it is significantly noticeable. Be warned though, the ring of fire effect can kill weaker less tanky chars and end the wave immediately.     S early, B- late  The Aether Goblins  Aether Events have a 20% chance to spawn an Aether Goblin. Drops 25 Aether. This is useful early waves because of the accumulative effect. It becomes meh levels late waves because it has no synergies at all with anything else.      S-  The Teeming Masses  Masses have a 50% chance to spawn an Aether Fiend on death. It can be slightly better than The Fiendish Legions if you have multiple synergies with aether mass picks, otherwise normally it will be the slightly worse pick.      S-  The Chaotic Offering: Protect Mass from suicide minions  Usually averages about 300-400 per single wave  Like all Chaos Offerings, it has no synergy with any other picks.     S-  The Chaotic Offering: Collect the wisps  Usually averages about 300-400 per single wave  Like all Chaos Offerings, it has no synergy with any other picks. Be warned though, the fire waves can easily kill less tanky chars and you do need to run around the map collecting the wisps to gain more aether. Sometimes the butcher will spawn and add an additional +100 aether.      A+  The Exalted Fiends  \\+2-3 Aether granted per Aether Fiend or Lord      A  The Exalted Hordes  Aether Events spawn +50% faster. Additive with additional Exalted Hordes offers. This is a good general all round pick as it synergizes with almost everything.     A-  The Massing Masses  Aetheric Masses now have a 30% chance reform on Death.  Self-duplicating masses which have more chances to spawn other things? Sign me up!     B+  The Precious Spires/ The Treasured Spires/ The Coveted Spires  x2.5 / x2.25 / x2 aether per spire, but spires spawn 25% less often per pick  Spires aren’t actually bad. It can be a route to more aether if you stay inside the spire, but slower classes with less mobility aren’t great at zooming across the map.      It synergizes very well with The Anchored Masses, which have a 50% chance to spawn a Soulspire on a mass’ death. Ironically you need more spires to spawn to see a significant  benefit from picking these.      B  The Hungry Spires  Enemies killed in range of Soulspires have a chance to drop 1 Aether. Multiplicative with The Precious Spires/ The Treasured Spires/ The Coveted Spires     B-  The Anchored Masses  Read above (The Precious Spires/ The Treasured Spires/ The Coveted Spires). 50% chance to spawn a Soulspire on mass’ death. Needs a lot of synergized picks though to truly shine.     C+ early; S late (Wave 9 or 10)  The Stalking Devil  No synergies. Flat 100 aether     C  The Chaotic Offering: Aether Fiends  Not all Chaos Offerings are equal. This will grant you about 200-250 aether in a single wave, with no synergies at all!     C-  The Chaotic Offering: Wyrms  This is actually the worst Chaotic Offering, granting about 200 or less aether!     D+  The Puffing Masses  Aetheric Masses drop 1 additional Aether for each Offering selected, increased by 2 for Mass Offerings. Synergizes well with mass offerings, but the increase is too little to justify the investment. Pick only if you don’t have better options.      D  The Draining Spires  Soulspires grant +3 Aether on death. Multiplicative with The Precious Spires/ The Treasured Spires/ The Coveted Spires so B- if you already have heavy spire synergy. Otherwise, not the greatest pick in the world.     D-  The Bursting Masses  Wave start, spawn two Aetheric Masses.  While it can synergize with other picks like Massing and Puffing, often this is not exactly ideal.      E+  The Meteoric Hellborne  The Summoned Hellborne     E  The Surging Hellborne  The Ambushing Hellborne  The Exalted Hellborne     E-  The Hellish Masses (Aetheric Masses have a 50% chance to spawn Hellborne on death.)     In this order. Yuck. Hellbornes used to be an auto pick, but how times have changed. Gives very little aether for the investment. Roughly +1 aether per hellborne spawned.      F+  The Enduring Lords  Aether Lords no longer despawn at round end. On paper sounds great right? Not really considering it doesn’t add any more aether and is only useful very situationally where you can’t kill maybe a single leftover lord at the end. Skip.      F  The Rising Spires  Wave start, spawn a Soulspire.  Ewww…. It can synergize with spire picks, but more often than not, it is a very poor pick.     F-  The Burning Rain/The Wrath of Hell  Hellfire tends to kill squishy chars with less toughness stat which can end your chaos waves! Even in goblin waves! Don’t be fooled by the notion that the 9-12 extra aether per pick is worth it!",diablo,https://www.reddit.com/r/Diablo/comments/1ry0gi8/infernal_hordes_boons_tier_list_guide/,Reddit
1rxz3rg,2026-03-19T12:29:54+00:00,negative,english,,0,9,balance,"Was Paladin Nerfed this season (12), or was Sanctification just THAT impressive?",,diablo,https://www.reddit.com/r/Diablo/comments/1rxz3rg/was_paladin_nerfed_this_season_12_or_was/,Reddit
1rxwxb6,2026-03-19T10:36:54+00:00,neutral,english,,0,0,general,10 Lesser Diablo II Rumours among Chinese-Speaking Players,"Hi, this is 10 lesser Diablo II rumours in Chinese-speaking players' community\~   Lysander's Amazon Romance   Arioc is Fallen Angel Arioch   Titles of the 5 Acts   Alkor's 'Kuh-Mau-Lee'   Sazabi Set is to Salute Missionary Xavier   Skullder is Norse Goddess Skadi   Sander's Folly is Stone Circle   Diablo II Paladin was Killed in Westmarch   Bartuc the Bloody is THE Bartuc   There's an Old Canon Trilogy Published",diablo,https://www.reddit.com/r/Diablo/comments/1rxwxb6/10_lesser_diablo_ii_rumours_among_chinesespeaking/,Reddit
1rxwgol,2026-03-19T10:10:25+00:00,neutral,english,,81,9,general,Every time my killstreak timer resets to full as I load in from one level of a dungeon to the next I feel like a dev is giving me a little kiss on the forehead,Whoever decided it should work that way when they just as easily could have let the timer run down has a beautiful soul. That's all.,diablo,https://www.reddit.com/r/Diablo/comments/1rxwgol/every_time_my_killstreak_timer_resets_to_full_as/,Reddit
1rxvyip,2026-03-19T09:40:49+00:00,neutral,english,,0,24,season content,The wings from arbiter form are gone in season 12.,,diablo,https://www.reddit.com/r/Diablo/comments/1rxvyip/the_wings_from_arbiter_form_are_gone_in_season_12/,Reddit
1rxr8jm,2026-03-19T04:52:53+00:00,neutral,english,,0,0,general,Please Make it Interesting!,,diablo,https://www.reddit.com/r/Diablo/comments/1rxr8jm/please_make_it_interesting/,Reddit
1g9da2e,2024-10-22T08:29:13+00:00,positive,english,,8,5,progression,Unavoidable bricking of items (tempering) is terrible game design,"Being forced to ""corrupt"" items is the worst decision in an ARPG to date. I mean, this game stacks horrible game decisions (there are too many to list), but having to gamble found items is the worst.  The first gamble is finding an item.  The second gamble is trying to temper the damn thing. If it doesn't temper, you're done. Back to square one.  Scrolls of restoration are meant to alleviate this problem. OK, so I have 12 changes to hit one affix. Let's look at the **unweighted** probabilities. The probability of hitting the 3 (out of 4) affixes you don't want is 75%. The probability of rolling twice and not hitting the affix you want twice in a row is 75% x 75%, or 56.25%. The probability of rolling 12 times and getting the other 3 affixes instead of the one you want is 1.3349574587349775646301091443908e-256. That's 0.000(250 zeroes)13349%. Statistically impossible (yes, this phrase means something).  Well, I just rolled 12 times and missed my affix twelve times. Now, affixes may be weighted, but who gives a shit. Bricking a basic fucking item is the dumbest fucking experience ever.  I'm not a D4 simp. I'm a hardcore ARPG enthusiast. D1, D2, D3, D2R, D4, path of exile, path of exile 2 beta, titan's quest, grim dawn, last epoch, torchlight 1, torchlight 2, lost ark, wolcen, adventures of van helsing.  I do love D4. But why the FUCK is Blizzard doing this to the last of us playing this game? Like, why? Is this a viable business model? This is not ""retention"".  Fix TEMPERING you fucking asshats.",DiabloIV,https://www.reddit.com/r/diabloiv/comments/1g9da2e/unavoidable_bricking_of_items_tempering_is/,Reddit
1g7kgv2,2024-10-19T22:32:32+00:00,neutral,english,,1,0,general,This is Spiritborn | Diablo 4 Ep16,,DiabloIV,https://www.reddit.com/r/diabloiv/comments/1g7kgv2/this_is_spiritborn_diablo_4_ep16/,Reddit
1fzgimw,2024-10-09T01:47:27+00:00,neutral,english,,1,0,general,"""This Was Diablo 4""",,DiabloIV,https://www.reddit.com/r/diabloiv/comments/1fzgimw/this_was_diablo_4/,Reddit
1fy6t0m,2024-10-07T12:49:36+00:00,neutral,english,,1,2,monetization,[Help] Vessel of Hatred not appearing on Steam Library,"Hello, I dont know if Im doing something wrong. I recently bought a VoH key for Steam and (afaik) it should appear on my Steam library I cant find it anywhere.  If I go to the shop I get the advert saying the game is already on my Library but I cant find it  https://preview.redd.it/pbc60065zbtd1.png?width=839&amp;format=png&amp;auto=webp&amp;s=ae10c84fe7716c15df4f2239d2500a4f2a6b72b1  https://preview.redd.it/dco2nay7zbtd1.png?width=270&amp;format=png&amp;auto=webp&amp;s=9837e0add9bcbc14cea488a5b8615b51c2fb9efc",DiabloIV,https://www.reddit.com/r/diabloiv/comments/1fy6t0m/help_vessel_of_hatred_not_appearing_on_steam/,Reddit
1fv6dnf,2024-10-03T12:21:29+00:00,positive,english,,2,1,general,Vessel of Hatred not refundable,"Just a heads up: Blizzard won't refund Vessel, even though it qualifies based on their own documentation.  Make sure you use the right method.     Make sure you have enough in your BattleNet account to FULLY cover the cost if you're using that.   When using Paypal as a payment method through the desktop app, it doesn't provide a confirmation after you select Paypal (as is industry standard).",DiabloIV,https://www.reddit.com/r/diabloiv/comments/1fv6dnf/vessel_of_hatred_not_refundable/,Reddit
1fbrbjl,2024-09-08T06:23:51+00:00,positive,english,,4,1,balance,Season 6 Changes - An average player feedback.,"I tried to post on the forum, but for some reason i'm not allowed to create a new topic. i hope posting here will be noticed.  I started playing D4 towards the end of season 3. i've around 400 hours in season 4 and around 300 in season 5 across 3 characters (Sorc, barb and a rogue).  I have around 60-70 hours in PTR, i understand everyone experience is different and people have different opinion and skill set but here is mine. i will try to structure it and break it down as clean as possible.     I approached the game without any cheats, trying to re-create out of the box S6 experience. so this is feedback is based on not maxing out anything. this feedback is also playing a barbarian   1- Leveling: 0-60 feels fine. the ups and downs of power spike that happen when acquiring a new piece if gear or a new aspect is good. it didn't feel slow. i beleive i got 0-60 without cheesing in around 4 and half hours. when we have seasonal quests and ashes of war boosting the XP. it will be much quicker. however i'd have even gone quicker if i was able to access Pentinent a bit earlier around level 35-40.   2- Torment 1: after hitting 60 i farmed helltide and NMD for a coupl of hours farmed my glyphs, got around 5 GA items (with terrible GA affixes that i rerolled) and improved my buld and MW two three itmes and was able to easily beat pit 20 to move to Torment II.     3- Torment II : Now this where i hit a brick wall. i was not able to find any gear that adds to my powers, glyphs were very difficult to level past 40 and i ran out of gold (Yes i've like billions - but i kept track of what i earned and what i spent). i kept trying and i was not able to progress through TII to TIII because i was unable to find item ugprades that gives me that extra push.      I feel like the item scarcity gates the players progress towards moving through torment tiers. Killing a tormented boss at TII just to get a not very good gear feels bad. and when the occasional Ancesrtal piece drop just to have GA life per 5 second or impairment reduction it makes me want to punch my monitor.     I think the game is creating an artificial barrier by making items more scarce and the player has 0 control over how they progress. if you want to progress further , grind this pit 40 times so you can maybe get your glyphs to level 45. or grind this NMD 200 times to get enough material to MW everything. but again you hit another Bottlenech. you don't have enough gold. because you have been getting less items. early game items are getting salvaged for their aspects and once they are maxed they are getting sold to sustain gold. with the lower drops it becomes much more difficult to sustain both.      When Torment IV NMD give 20X the masterworking material, Tormented Bosses 5X the loot of torment I. i don't  feel the devs were very honest when they said, play the game on torment 1. because they made torment IV rewards much better and more lucrative, they just anchored my feet to get there with my ability to spend 100 hours grinding to be able to progress.     My feeling is there is something missing between Legenday and Ancestral gear. my solution is to either make legendaries masterwork to level 8 and include two tempers. or give us Sacred gear that drop in torment 1 and Torment II only which can be masterworked to level 8 and include two tempers.     I Enjoy the game because of the constant sense of progression, bosses being rewarding, the loot poor quality is forgiven by the amount of it, so there is always a chance i can get a two GA item that is actually usable and doesn't make me want to punch a hole in my screen.      I'd love to be able to grind the End game not Grind my way TO the end game. I'd like to do so, with multiple classes with multiple builds, if i can do that with around 60 hours on each class that's a win. but if the game starts purposfully slowing me down, i may see you guys in season 7.",DiabloIV,https://www.reddit.com/r/diabloiv/comments/1fbrbjl/season_6_changes_an_average_player_feedback/,Reddit
1f88l7l,2024-09-03T19:15:56+00:00,neutral,english,,2,0,general,Max trial level? Alcancé el Nivel Máximo de prueba?,,DiabloIV,https://www.reddit.com/r/diabloiv/comments/1f88l7l/max_trial_level_alcancé_el_nivel_máximo_de_prueba/,Reddit
1f1ialw,2024-08-26T07:27:12+00:00,positive,english,,9,1,balance,Female druids,"I know there are some unpleasant people with not great attitudes about people who are different such as fat women but I want the devs to know I appreciate the druid. I am playing through the campaign as a druid and while I am not sure why body type is tied to class, I feel included.",DiabloIV,https://www.reddit.com/r/diabloiv/comments/1f1ialw/female_druids/,Reddit
1euhl3w,2024-08-17T13:21:36+00:00,neutral,english,,1,0,endgame,"It would be nice to have a ""Shall we?"" emote to inquire about an action in context","Doing some blood maidens today and there doesn't seem to be a way to ask other players if they want to participate in a thing. This could be a world event, a summon ritual, a tormented boss dungeon entrance.      It would be nice to emote, ""Shall we?"".",DiabloIV,https://www.reddit.com/r/diabloiv/comments/1euhl3w/it_would_be_nice_to_have_a_shall_we_emote_to/,Reddit
1ertyfy,2024-08-14T05:50:07+00:00,positive,english,,1,4,bugs,Fun with blizzard... Don't care about downvotes,So I bought the game recently after release on steam. It had several ghosting bugs and I returned it before the 1 hour of play.  I tried the free trial on battle.net and all the bugs were gone. So I bought it. Very fun game. I got to level 20 and got kicked out to menu saying that my trial was over. I of course asked customer support saying hey I bought this game... and they said. Yeah. You refunded it on steam. So we will not honor your purchase.  Fun story. Don't buy blizzard products on Steam.,DiabloIV,https://www.reddit.com/r/diabloiv/comments/1ertyfy/fun_with_blizzard_dont_care_about_downvotes/,Reddit
1en4fw8,2024-08-08T12:17:25+00:00,positive,english,,1,1,general,I love the little details of lore in this game,,DiabloIV,https://www.reddit.com/r/diabloiv/comments/1en4fw8/i_love_the_little_details_of_lore_in_this_game/,Reddit
1e83too,2024-07-20T19:42:13+00:00,neutral,english,,1,3,general,Help - My first piece that can't be master-worked,,DiabloIV,https://www.reddit.com/r/diabloiv/comments/1e83too/help_my_first_piece_that_cant_be_masterworked/,Reddit
1dlh44o,2024-06-21T22:56:37+00:00,positive,english,,1,0,general,Finished the campaign in D4 earlier today as a barbarian...,... I didn't bother to do the side quests before finishing it. What are some good fun and interesting quests to do? I rarely play with other humans too.  Thank you for reading and hopefully answering soon. :),DiabloIV,https://www.reddit.com/r/diabloiv/comments/1dlh44o/finished_the_campaign_in_d4_earlier_today_as_a/,Reddit
1di9im1,2024-06-17T21:27:11+00:00,negative,english,,2,1,progression,Helltide Experience,"EDIT: I meant Hardcore, not Helltide. Mod pls fix.     5 characters to level 100.  4 died due to lag spike/stutter. 1 died to a one-shot kill from a Pit boss in a lvl 60 Pit that I had cleared in about 20 seconds.",DiabloIV,https://www.reddit.com/r/diabloiv/comments/1di9im1/helltide_experience/,Reddit
1d9qjsz,2024-06-06T19:21:51+00:00,neutral,english,,1,0,general,One Hell of a Year | Happy Birthday Diablo IV - YouTube,,DiabloIV,https://www.reddit.com/r/diabloiv/comments/1d9qjsz/one_hell_of_a_year_happy_birthday_diablo_iv/,Reddit
1d8yjdw,2024-06-05T19:28:27+00:00,neutral,english,,1,0,general,how Diablo IV characters cut their cake 🔪🎂,,DiabloIV,https://www.reddit.com/r/diabloiv/comments/1d8yjdw/how_diablo_iv_characters_cut_their_cake/,Reddit
1d4o46n,2024-05-31T05:24:35+00:00,neutral,english,,1,0,general,problemas al jugar diablo iv desde cuenta compartida,"Buenas noches tengo una consulta, se puede jugar diablo iv desde la cuenta compartida de game pass, es que e intentado jugar desde mi cuenta claramente el desde la cuenta me comparte game pass pero al acceder mi cuenta no me deja descargarlo, y me pide si o si la cuenta de mi hermano que tiene el gamepass para poderla jugar, hay una solucion? el batte net el es problema en si que no me deja descargarlo, alguna solucion",DiabloIV,https://www.reddit.com/r/diabloiv/comments/1d4o46n/problemas_al_jugar_diablo_iv_desde_cuenta/,Reddit
1czs9ap,2024-05-24T18:53:14+00:00,positive,english,,1,2,build diversity,Armor Guidance - Which is Better,"I am a lvl 36 Necro build and am curious which armor you would recommend.  Would having the +450 from the one equipped (Runner’s Blast) be better than the one I’m comparing to, even though the other has a higher armor rating?",DiabloIV,https://www.reddit.com/r/diabloiv/comments/1czs9ap/armor_guidance_which_is_better/,Reddit
1cxza99,2024-05-22T12:41:55+00:00,positive,english,,2,2,general,Player Name and Title Suggestion,"Maybe it's me but it seems odd that you work hard to get all of these cool titles but cant toggle them on your character while you play. Yes, they're on your profile but you don't see them at all while you're out questing. I love getting new titles and mixing and matching but it would just be cool to see them on own character while you play the game.",DiabloIV,https://www.reddit.com/r/diabloiv/comments/1cxza99/player_name_and_title_suggestion/,Reddit
1cwtn1n,2024-05-20T23:26:15+00:00,neutral,english,,3,0,loot,Playing with someone and their drops are way too high to use,"She's running a level 26 barb, I'm a 65 necro.  I'm pushing her through the campaign fast.  Anyways, everything that drops for her is way too high for her to use.  What's up with that???",DiabloIV,https://www.reddit.com/r/diabloiv/comments/1cwtn1n/playing_with_someone_and_their_drops_are_way_too/,Reddit
1ctkyn1,2024-05-16T19:10:48+00:00,neutral,english,,2,3,general,Hell Welcomes All | Accessibility in Diablo IV,,DiabloIV,https://www.reddit.com/r/diabloiv/comments/1ctkyn1/hell_welcomes_all_accessibility_in_diablo_iv/,Reddit
1bxfpga,2024-04-06T16:30:13+00:00,neutral,english,,1,0,general,Coop?,Anybody want to run through the game together? Getting bored of playing this alone if you wanna run a coop game let’s do it. DM me with your Psn and I’ll add you up (I play on ps5),DiabloIV,https://www.reddit.com/r/diabloiv/comments/1bxfpga/coop/,Reddit
1buoonv,2024-04-03T09:55:08+00:00,positive,english,,0,1,general,Somehow got banned,"All,  I've been fighting a ban for a few months and the gamemasters have finally got upset and said that they won't reopen the matter any further. Thing is, they banned me while I was playing, on a 10 hour (wife and kids were away and finally had me time) bender, and they said that I broke the terms and agreement policy. My assumption is they think I was botting because I was almost playing non-stop during this (gotta love meds that can allow this). Any ideas on how I can finaly get back to this game I paid so much for and had so much fun? Lost Ark didn't scratch the itch, neither did going back to D3 and I'm not sure how to proceed.",DiabloIV,https://www.reddit.com/r/diabloiv/comments/1buoonv/somehow_got_banned/,Reddit
1bum781,2024-04-03T07:03:04+00:00,positive,english,,2,3,build diversity,"D4 , It is so much better IMO","PTR improvements.  Massive step up in playability , lets pretend this was release and go from here.  New systems easier to understand and to use to plan your build.",DiabloIV,https://www.reddit.com/r/diabloiv/comments/1bum781/d4_it_is_so_much_better_imo/,Reddit
187dxzh,2023-11-30T08:40:36+00:00,neutral,english,,0,6,general,Nice criticizing the game is illegal lfmao.,"I got permanently banned on Diablo IV game discussion forum on steam, this is just obscured how lunatic the Bli**ard mods can be, they're throwing some tantrums lately, they're mad asf. it's like Kim Jong Un controlling the Diablo IV game forum lol. and needless to say they're not even hiding the fact that they're self botting their own game by putting some bots to comment some positive to raise their piece of trash game from the depths of bad review hole on steam, what a sad company, Bli**ard is the company that made my childhood but now I don't like this company anymore they just want more money and a lowkey sc*mm*r company, What's the point of putting a discussion forums for players to discuss or whatsoever is happening on the game if they're just going to act like some little kids who got pissed because their game gotten some bad comment, I don't recommend buying the Diablo IV game guys, thank my a** I successfully refunded back my money :) I won't ever buy any game coming from this super greedy crybaby company like Bli**ard, Permaban my a**, I did not regret any things that I say that they should delete their awful trash game on steam :) (evil laugh insert here)",DiabloIV,https://www.reddit.com/r/diabloiv/comments/187dxzh/nice_criticizing_the_game_is_illegal_lfmao/,Reddit
182hmnm,2023-11-24T02:42:22+00:00,neutral,english,,1,0,general,"100% aspect proc rate. Not *too* crazy, but just rare enough to share.",,DiabloIV,https://www.reddit.com/r/diabloiv/comments/182hmnm/100_aspect_proc_rate_not_too_crazy_but_just_rare/,Reddit
17nrrbq,2023-11-04T18:22:29+00:00,neutral,english,,3,0,general,EVERY Side Quests | Diablo 4 [Ep 11],,DiabloIV,https://www.reddit.com/r/diabloiv/comments/17nrrbq/every_side_quests_diablo_4_ep_11/,Reddit
17l56in,2023-11-01T05:31:57+00:00,neutral,english,,3,2,general,Lilith ..... She's the real hero!,"As I progress through the game (Xbos series X) I realize Lilith's true intentions.... Take back Sanctuary for us. On the other hand, we have the fanatical horadrim who see everything in absolute terms.... Does anyone else think so?",DiabloIV,https://www.reddit.com/r/diabloiv/comments/17l56in/lilith_shes_the_real_hero/,Reddit
17if8mg,2023-10-28T14:44:20+00:00,neutral,english,,2,2,loot,New to game,"I’m on Xbox X and New to the Diablo series and started on Diablo IV, level 46 necromancer atm and have no idea how to use my primary melee weapon, I have a legendary two handed weapon atm but can only use “Reap”  Am I being a mong? 😂😂",DiabloIV,https://www.reddit.com/r/diabloiv/comments/17if8mg/new_to_game/,Reddit
17ed7qe,2023-10-23T05:36:30+00:00,neutral,english,,3,0,general,Diablo IV error code,"I've gotten this message for the last 8 hours. I did a hard reset on xbox one x. I have given the 10+ minutes in between attempts to join.... I'd like to play the new dlc, code 395002",DiabloIV,https://www.reddit.com/r/diabloiv/comments/17ed7qe/diablo_iv_error_code/,Reddit
17ed7gi,2023-10-23T05:35:56+00:00,neutral,english,,2,0,general,Diablo IV error code,"I've gotten this message for the last 8 hours. I did a hard reset on xbox one x. I have given the 10+ minutes in between attempts to join.... I'd like to play the new dlc, code 395002",DiabloIV,https://www.reddit.com/r/diabloiv/comments/17ed7gi/diablo_iv_error_code/,Reddit
17ed55j,2023-10-23T05:31:37+00:00,neutral,english,,2,0,general,Diablo IV error code,"I've gotten this message for the last 8 hours. I did a hard reset on xbox one x. I have given the 10+ minutes in between attempts to join.... I'd like to play the new dlc, code 395002",DiabloIV,https://www.reddit.com/r/diabloiv/comments/17ed55j/diablo_iv_error_code/,Reddit
17d9f7k,2023-10-21T18:46:09+00:00,neutral,english,,3,0,general,The Butcher | Diablo 4 [Ep 10],,DiabloIV,https://www.reddit.com/r/diabloiv/comments/17d9f7k/the_butcher_diablo_4_ep_10/,Reddit
17bz1cr,2023-10-20T01:11:59+00:00,neutral,english,,1,0,general,carrie on lilith,"can someone help me on lilith? I swear I've done everything I can to beat her and I've failed in all of them. Pls, someone help me 🥲",DiabloIV,https://www.reddit.com/r/diabloiv/comments/17bz1cr/carrie_on_lilith/,Reddit
16vetd1,2023-09-29T15:33:20+00:00,neutral,english,,2,1,season content,Help Dirge Mire Glitch,I need a friend on PS5 (genivkay) to invite me (Andriss) to the Dirge of the Mire quest. I beat it but before I spoke to Lorath I portaled out because I had so much gear and then while I was at town I decided well. You know it's 11:48pm. I should probably go to bed. Woke up the next day. I'm so excited to get back to this quest and I can't get there. I can't whatsoever get there cuz of the glitch. I also can't restart the quest or abandon it. My season is over and I'm bummed. I have to be invited by a fellow Diablo IV player platform PlayStation 5. So I can reset the quest... oof,DiabloIV,https://www.reddit.com/r/diabloiv/comments/16vetd1/help_dirge_mire_glitch/,Reddit
16kkl2m,2023-09-16T22:50:06+00:00,neutral,english,,3,0,general,Crowd Control | Diablo 4 [Ep 8],,DiabloIV,https://www.reddit.com/r/diabloiv/comments/16kkl2m/crowd_control_diablo_4_ep_8/,Reddit
16glfr7,2023-09-12T08:11:54+00:00,negative,english,,3,0,performance,"""Network Error""","I keep getting kicked due to a network error, but there's nothing wrong with my connection. My girlfriend plays Apex all the time and when I get kicked, she's not suffering any packet loss or lag whatsoever. Is there a way to get around this? I've been stuck on In Desolation's Wake all day because of this.",DiabloIV,https://www.reddit.com/r/diabloiv/comments/16glfr7/network_error/,Reddit
15qggc9,2023-08-14T01:28:27+00:00,negative,english,,6,3,balance,Is this game devoid of social interaction?,"As a long time WoW classic or retail version (Day 1, 2004), and  a player of Diablo I &amp; II (pre-battle dot net) I anxiously dropped  the $80 on IV.  It pretty much delivered what I wanted in classes, lore,  gameplay etc.  Except for interaction with other players.  At the very least,  assistance is usually required–regardless of how well you solo— with  class quests, and many others.  I tried interacting with other players  but beyond the stray emote… silence.    Global chat?  None?  Trade Chat?  Silent.  At level 46, out of pure  desperation I tried randomly joining a clan.  Each and every clan in my  search criteria was full.  The ones that were not full had 32,768 or  more awaiting invites. I really went out on a limb.  Out of 20 random people I whispered with a Hello and I  received one response.  And they were a new player.  Am I missing something here?  Troll away but don’t tell me to go back to WoW because I’m not dropping more money.  Without animosity,  Fearless from (whatever realm I am on)",DiabloIV,https://www.reddit.com/r/diabloiv/comments/15qggc9/is_this_game_devoid_of_social_interaction/,Reddit
15oewdk,2023-08-11T17:23:24+00:00,neutral,english,,1,1,season content,Foul Invoker of Varshan,"As soon as I was able to move to tier 3 I did and completed the seasonal quest line on tier 3. However, based on my internet research this was a mistake as I am unable to get the recipe for the foul invoker as what I've read online says you have to use the standard invoker in tier 1 or tier 2. Can I switch back to tier one or tier two from three with no penalty so I can attempt to get the recipe for the foul invoker?",DiabloIV,https://www.reddit.com/r/diabloiv/comments/15oewdk/foul_invoker_of_varshan/,Reddit
15l2ri6,2023-08-08T00:51:14+00:00,neutral,english,,2,2,progression,First big one,"Not sure how expensive things get, but this is the highest sell value so far for me.",DiabloIV,https://www.reddit.com/r/diabloiv/comments/15l2ri6/first_big_one/,Reddit
15jcbsv,2023-08-06T01:09:02+00:00,neutral,english,,1,0,bugs,Diablo IV fury against fate bug fix Xbox series x,Both my wife and I started this quest and it was bugged from the beginning. Wouldn’t work no matter what but fix we tried online. The one way I got it to work was turn off cross-network play and cross-network communications in the settings. Then I connected my Xbox series x to my hotspot. Also set it to world tier 1 and it worked finally. Just thought I’d put this out there just in case someone else was struggling. Been trying to get this quest done for 2 weeks now and finally worked!,DiabloIV,https://www.reddit.com/r/diabloiv/comments/15jcbsv/diablo_iv_fury_against_fate_bug_fix_xbox_series_x/,Reddit
15j93n9,2023-08-05T22:42:45+00:00,neutral,english,,1,2,loot,Need help or tips,"Hey guys, just hit 60, running through Sacred NM dungeon easily , so switched to torment and im getting destroyed. pretty much have full build and unique needed for my build, i feel like the only power spike i could get are from paragon and ancestral gear. what would you do?  also if anyone want to let me tag along to some NM torment dungeon that would be sick.  &amp;#x200B;  Storm claw druid , Non hardcore. Ladder  &amp;#x200B;  thank you",DiabloIV,https://www.reddit.com/r/diabloiv/comments/15j93n9/need_help_or_tips/,Reddit
15j48rd,2023-08-05T19:24:01+00:00,neutral,english,,3,0,loot,Legendary Leftovers | Diablo 4 [Ep 7],,DiabloIV,https://www.reddit.com/r/diabloiv/comments/15j48rd/legendary_leftovers_diablo_4_ep_7/,Reddit
15dtme3,2023-07-30T19:10:51+00:00,negative,english,,8,2,bugs,I may have broken the butcher today...,,DiabloIV,https://www.reddit.com/r/diabloiv/comments/15dtme3/i_may_have_broken_the_butcher_today/,Reddit
15d4d97,2023-07-29T22:07:14+00:00,neutral,english,,5,0,general,Eventful Dungeon | Diablo 4 [Ep 6],,DiabloIV,https://www.reddit.com/r/diabloiv/comments/15d4d97/eventful_dungeon_diablo_4_ep_6/,Reddit
156uyef,2023-07-22T20:52:18+00:00,negative,english,,2,1,bugs,Mouse Keyboard issue with combat,"Its taken me awhile to actually see this because most he time I am just frustrated that something didnt work properly... but I have noticed something...  When I am in combat and lets say I am surrounded by enemies one directly north, one east, one west, and one south... Lets say I am actively engaging with the northern enemy and I noticed I can use an ability on the southern one to kill it instantly, which in turn would give me some boost lets say upon its death... the one to the east and west are max health... I put my mouse on the southern enemy, I think use the ability that should instantly kill them, my character instead of actually attacking the southern enemy will attack either the East or West enemy, causing me to waste my ability as when its not a kill it puts the ability on cooldown...  This might be caused by a game setting but I cannot find it... It would appear to probably be some shitty by product of developing for controller specifically I would guess... Any help or validation would be much appreciated...     Edit:   I did notice it appears that it might be due to the proximity of an enemy not necessarily orientation... I found a setting for controllers that you can turn this off an on, it was turned off... it seems to have no effect on Mouse/Keyboard... I think whatever this setting is, is what is causing issues on mouse/keyboard... This is not how this should be working imo and Blizzard should fix it",DiabloIV,https://www.reddit.com/r/diabloiv/comments/156uyef/mouse_keyboard_issue_with_combat/,Reddit
156rz95,2023-07-22T18:49:31+00:00,neutral,english,,1,0,general,When the Necromancer Makes it Weird in Diablo IV,,DiabloIV,https://www.reddit.com/r/diabloiv/comments/156rz95/when_the_necromancer_makes_it_weird_in_diablo_iv/,Reddit
156rnyi,2023-07-22T18:36:22+00:00,neutral,english,,2,0,general,Horses Are The BEST | Diablo 4 [Ep 5],,DiabloIV,https://www.reddit.com/r/diabloiv/comments/156rnyi/horses_are_the_best_diablo_4_ep_5/,Reddit
155gukt,2023-07-21T07:34:18+00:00,neutral,english,,0,0,general,"If you’re Lfg this server has Lfg, is super chill, and active.",,DiabloIV,https://www.reddit.com/r/diabloiv/comments/155gukt/if_youre_lfg_this_server_has_lfg_is_super_chill/,Reddit
153ssj5,2023-07-19T11:49:08+00:00,neutral,english,,1,1,progression,Starting in season 1,"Hello guys, i just bought the game and im also new to the diablo series. Im experienced in other rpgs but this is my first diablo game. I know season 1 is coming tomorrow. Should i start my first character in season realm or eternal?",DiabloIV,https://www.reddit.com/r/diabloiv/comments/153ssj5/starting_in_season_1/,Reddit
